Workbook

Sheet Master
A2: ช่วงSize HO Out Put | B2: S.71 | C2: S.72 | D2: S.73 | E2: S.74 | F2: S.75 | G2: S.76 | H2: S.77 | I2: S.78 | J2: S.79 | K2: S.80 | L2: S.81 | M2: S.82 | N2: S.83 | O2: S.84 | P2: S.85 | Q2: S.86 | R2: S.88 | S2: S.90 | T2: S.113
A3: 46-50 | B3: 0 | C3: 0 | D3: 0 | E3: 0 | F3: 0 | G3: 0 | H3: 0 | I3: 0 | J3: 0 | K3: 0 | L3: 0 | M3: 0 | N3: 0 | O3: 0 | P3: 0 | Q3: 0 | R3: 0 | S3: 0.0030324346 | T3: 0
A4: 51-55 | B4: 0.011084074 | C4: 0.15641305 | D4: 0.026432763 | E4: 0.097720591 | F4: 0.065682589 | G4: 0.039607268 | H4: 0.060246406 | I4: 0.041019542 | J4: 0.043558947 | K4: 0.035631384 | L4: 0.0042144165 | M4: 0.020704885 | N4: 0.020806125 | O4: 0.028662192 | P4: 0.014001838 | Q4: 0.0053103033 | R4: 0.022045793 | S4: 0.020365786 | T4: 0
A5: 56-60 | B5: 0.07415352 | C5: 0.092312254 | D5: 0.20598808 | E5: 0.052561775 | F5: 0.064984172 | G5: 0.071768696 | H5: 0.060906749 | I5: 0.083438653 | J5: 0.048380763 | K5: 0.04039563 | L5: 0.050341446 | M5: 0.011673602 | N5: 0.033947392 | O5: 0.032603013 | P5: 0.01656729 | Q5: 0 | R5: 0.046319592 | S5: 0.035546031 | T5: 0
A6: 61-65 | B6: 0.10211802 | C6: 0.037486835 | D6: 0.037647523 | E6: 0.047532881 | F6: 0.015682403 | G6: 0.019441755 | H6: 0.0094107952 | I6: 0.002621107 | J6: 0 | K6: 0.0085484813 | L6: 0 | M6: 0 | N6: 0.023906445 | O6: 0 | P6: 0.0016184756 | Q6: 0 | R6: 0 | S6: 0 | T6: 0
A7: 66-70 | B7: 0.42091047 | C7: 0.40686193 | D7: 0.33147019 | E7: 0.37549753 | F7: 0.41855786 | G7: 0.289767 | H7: 0.3610482 | I7: 0.40449361 | J7: 0.34396056 | K7: 0.36094101 | L7: 0.31614897 | M7: 0.32949469 | N7: 0.35501032 | O7: 0.24389556 | P7: 0.21380155 | Q7: 0.16616879 | R7: 0.24532213 | S7: 0.26109291 | T7: 0.0055841022
A8: 71-75 | B8: 0.19723451 | C8: 0.073629866 | D8: 0.1632323 | E8: 0.17156159 | F8: 0.072280874 | G8: 0.10853611 | H8: 0.090565774 | I8: 0.032527105 | J8: 0 | K8: 0.031904616 | L8: 0 | M8: 0 | N8: 0.029771717 | O8: 0 | P8: 0 | Q8: 0 | R8: 0 | S8: 0 | T8: 0
A9: 76-80 | B9: 0.080906498 | C9: 0.086880501 | D9: 0.11015018 | E9: 0.088014151 | F9: 0.19935605 | G9: 0.19955703 | H9: 0.17921697 | I9: 0.18373026 | J9: 0.27154329 | K9: 0.27264808 | L9: 0.29429421 | M9: 0.3349424 | N9: 0.26027435 | O9: 0.31375683 | P9: 0.29155084 | Q9: 0.31224433 | R9: 0.30128708 | S9: 0.32370946 | T9: 0.008316748
A10: 81-85 | B10: 0.055270692 | C10: 0.033987079 | D10: 0.042768589 | E10: 0.070942705 | F10: 0.02964404 | G10: 0.13069768 | H10: 0.070185494 | I10: 0.027281759 | J10: 0.023345006 | K10: 0.033334347 | L10: 0 | M10: 0.00051884266 | N10: 0.023618944 | O10: 0.0016372799 | P10: 0.074900663 | Q10: 0 | R10: 0 | S10: 0 | T10: 0
A11: 86-90 | B11: 0 | C11: 0.0059986339 | D11: 0 | E11: 0 | F11: 0.0010360679 | G11: 0.012610848 | H11: 0 | I11: 0 | J11: 0.0022275375 | K11: 0.0015293249 | L11: 0 | M11: 0.0010794066 | N11: 0.0010371664 | O11: 0 | P11: 0.0029570475 | Q11: 0.00048321922 | R11: 0.0006209826 | S11: 0.0012815125 | T11: 0
A12: 91-95 | B12: 0.046034825 | C12: 0.06146206 | D12: 0.037512242 | E12: 0.050929186 | F12: 0.072152756 | G12: 0.072205716 | H12: 0.091969649 | I12: 0.13799167 | J12: 0.14697801 | K12: 0.13201571 | L12: 0.20648383 | M12: 0.19334766 | N12: 0.14628509 | O12: 0.17088752 | P12: 0.22228972 | Q12: 0.30314685 | R12: 0.20790145 | S12: 0.17152174 | T12: 0
A13: 96-100 | B13: 0 | C13: 0 | D13: 0 | E13: 0 | F13: 0 | G13: 0 | H13: 0 | I13: 0 | J13: 0 | K13: 0 | L13: 0 | M13: 0 | N13: 0 | O13: 0 | P13: 0 | Q13: 0 | R13: 0 | S13: 0 | T13: 0
A14: 101-120 | B14: 0.0092846401 | C14: 0.018582881 | D14: 0.0068917185 | E14: 0.012489934 | F14: 0.02755092 | G14: 0.03512823 | H14: 0.038531061 | I14: 0.061257345 | J14: 0.069563305 | K14: 0.060800817 | L14: 0.12851713 | M14: 0.087126554 | N14: 0.06540254 | O14: 0.16299747 | P14: 0.10633756 | Q14: 0.20202786 | R14: 0.12547491 | S14: 0.097054825 | T14: 0.69111943
... A22: TTL | B22: 1 | C22: 1 | D22: 1 | E22: 1 | F22: 1 | G22: 1 | H22: 1 | I22: 1 | J22: 1 | K22: 1 | L22: 1 | M22: 1 | N22: 1 | O22: 1 | P22: 1 | Q22: 1 | R22: 1 | S22: 1 | T22: 1

Sheet ตัวอย่าง
A1: =IF(A3>0,"Week "&WEEKNUM(A3,1)," ") -> Week 37 | C1: =IF(C3>0,"Week "&WEEKNUM(C3,1)," ") -> Week 37 | E1: =IF(E3>0,"Week "&WEEKNUM(E3,1)," ") -> Week 38 | G1: =IF(G3>0,"Week "&WEEKNUM(G3,1)," ") -> Week 38 | I1: =IF(I3>0,"Week "&WEEKNUM(I3,1)," ") -> Week 38 | K1: =IF(K3>0,"Week "&WEEKNUM(K3,1)," ") -> Week 38 | M1: =IF(M3>0,"Week "&WEEKNUM(M3,1)," ") -> Week 38
A3: 46275 | B3: =TEXT(B4,"ddd") -> Thu | C3: 46276 | D3: =TEXT(D4,"ddd") -> Fri | E3: 46279 | F3: =TEXT(F4,"ddd") -> Mon | G3: 46280 | H3: =TEXT(H4,"ddd") -> Tue | I3: 46280 | J3: =TEXT(J4,"ddd") -> Tue | K3: 46281 | L3: =TEXT(L4,"ddd") -> Wed | M3: 46282 | N3: =TEXT(N4,"ddd") -> Thu | O3: Total
A4: วันที่ | B4: =A3 -> 46275 | C4: วันที่ | D4: =C3 -> 46276 | E4: วันที่ | F4: =E3 -> 46279 | G4: วันที่ | H4: =G3 -> 46280 | I4: วันที่ | J4: =I3 -> 46280 | K4: วันที่ | L4: =K3 -> 46281 | M4: วันที่ | N4: =M3 -> 46282
A5: ฟาร์ม | B5: ณรรฐพงษ์ฟาร์ม (กีระติ บุญนิมิตร) | C5: ฟาร์ม | D5: สิริชัย เลิศชัยพัฒนกุล | E5: ฟาร์ม | F5: ณรรฐพงษ์ฟาร์ม (กีระติ บุญนิมิตร) | G5: ฟาร์ม | H5: ลูกกระต่ายฟาร์ม-พัชรินทร์ จินดาพรรณ | I5: ฟาร์ม | J5: ลูกกระต่ายฟาร์ม-พัชรินทร์ จินดาพรรณ | K5: ฟาร์ม | L5: ลูกกระต่ายฟาร์ม-พัชรินทร์ จินดาพรรณ | M5: ฟาร์ม | N5: ลูกกระต่ายฟาร์ม-พัชรินทร์ จินดาพรรณ
A6: จังหวัด | B6: จันทบุรี | C6: จังหวัด | D6: ตราด | E6: จังหวัด | F6: จันทบุรี | G6: จังหวัด | H6: จันทบุรี | I6: จังหวัด | J6: จันทบุรี | K6: จังหวัด | L6: จันทบุรี | M6: จังหวัด | N6: จันทบุรี
A7: บ่อ | C7: บ่อ | E7: บ่อ | G7: บ่อ | I7: บ่อ | K7: บ่อ | M7: บ่อ
A8: size | B8: 80 | C8: size | D8: 80 | E8: size | F8: 80 | G8: size | H8: 80 | I8: size | J8: 80 | K8: size | L8: 80 | M8: size | N8: 80
A9: การจับ | B9: Closed | C9: การจับ | D9: Closed | E9: การจับ | F9: Closed | G9: การจับ | H9: Closed | I9: การจับ | J9: Closed | K9: การจับ | L9: Closed | M9: การจับ | N9: Closed
A10: ปริมาณ(กก.) | B10: 6000 | C10: ปริมาณ(กก.) | D10: 5500 | E10: ปริมาณ(กก.) | F10: 6000 | G10: ปริมาณ(กก.) | H10: 5000 | I10: ปริมาณ(กก.) | J10: 5000 | K10: ปริมาณ(กก.) | L10: 5000 | M10: ปริมาณ(กก.) | N10: 5000
A11: 46-50 | B11: =IFERROR($B$10*INDEX(Master!$B$3:$T$21,MATCH($A11,Master!$A$3:$A$21,0),MATCH("S."&B$8,Master!$B$2:$T$2,0)),0) -> 0 | C11: 46-50 | D11: =IFERROR($D$10*INDEX(Master!$B$3:$T$21,MATCH($A11,Master!$A$3:$A$21,0),MATCH("S."&D$8,Master!$B$2:$T$2,0)),0) -> 0 | E11: 46-50 | F11: =IFERROR($F$10*INDEX(Master!$B$3:$T$21,MATCH($A11,Master!$A$3:$A$21,0),MATCH("S."&F$8,Master!$B$2:$T$2,0)),0) -> 0 | G11: 46-50 | H11: =IFERROR($H$10*INDEX(Master!$B$3:$T$21,MATCH($A11,Master!$A$3:$A$21,0),MATCH("S."&H$8,Master!$B$2:$T$2,0)),0) -> 0 | I11: 46-50 | J11: =IFERROR($J$10*INDEX(Master!$B$3:$T$21,MATCH($A11,Master!$A$3:$A$21,0),MATCH("S."&J$8,Master!$B$2:$T$2,0)),0) -> 0 | K11: 46-50 | L11: =IFERROR($J$10*INDEX(Master!$B$3:$T$21,MATCH($A11,Master!$A$3:$A$21,0),MATCH("S."&L$8,Master!$B$2:$T$2,0)),0) -> 0 | M11: 46-50 | N11: =IFERROR($J$10*INDEX(Master!$B$3:$T$21,MATCH($A11,Master!$A$3:$A$21,0),MATCH("S."&N$8,Master!$B$2:$T$2,0)),0) -> 0 | O11: =SUM(B11:N11) -> 0
A12: 51-55 | B12: =IFERROR($B$10*INDEX(Master!$B$3:$T$21,MATCH($A12,Master!$A$3:$A$21,0),MATCH("S."&B$8,Master!$B$2:$T$2,0)),0) -> 213.7883 | C12: 51-55 | D12: =IFERROR($D$10*INDEX(Master!$B$3:$T$21,MATCH($A12,Master!$A$3:$A$21,0),MATCH("S."&D$8,Master!$B$2:$T$2,0)),0) -> 195.97261 | E12: 51-55 | F12: =IFERROR($F$10*INDEX(Master!$B$3:$T$21,MATCH($A12,Master!$A$3:$A$21,0),MATCH("S."&F$8,Master!$B$2:$T$2,0)),0) -> 213.7883 | G12: 51-55 | H12: =IFERROR($H$10*INDEX(Master!$B$3:$T$21,MATCH($A12,Master!$A$3:$A$21,0),MATCH("S."&H$8,Master!$B$2:$T$2,0)),0) -> 178.15692 | I12: 51-55 | J12: =IFERROR($J$10*INDEX(Master!$B$3:$T$21,MATCH($A12,Master!$A$3:$A$21,0),MATCH("S."&J$8,Master!$B$2:$T$2,0)),0) -> 178.15692 | K12: 51-55 | L12: =IFERROR($J$10*INDEX(Master!$B$3:$T$21,MATCH($A12,Master!$A$3:$A$21,0),MATCH("S."&L$8,Master!$B$2:$T$2,0)),0) -> 178.15692 | M12: 51-55 | N12: =IFERROR($J$10*INDEX(Master!$B$3:$T$21,MATCH($A12,Master!$A$3:$A$21,0),MATCH("S."&N$8,Master!$B$2:$T$2,0)),0) -> 178.15692 | O12: =SUM(B12:N12) -> 1336.1769
A13: 56-60 | B13: =IFERROR($B$10*INDEX(Master!$B$3:$T$21,MATCH($A13,Master!$A$3:$A$21,0),MATCH("S."&B$8,Master!$B$2:$T$2,0)),0) -> 242.37378 | C13: 56-60 | D13: =IFERROR($D$10*INDEX(Master!$B$3:$T$21,MATCH($A13,Master!$A$3:$A$21,0),MATCH("S."&D$8,Master!$B$2:$T$2,0)),0) -> 222.17596 | E13: 56-60 | F13: =IFERROR($F$10*INDEX(Master!$B$3:$T$21,MATCH($A13,Master!$A$3:$A$21,0),MATCH("S."&F$8,Master!$B$2:$T$2,0)),0) -> 242.37378 | G13: 56-60 | H13: =IFERROR($H$10*INDEX(Master!$B$3:$T$21,MATCH($A13,Master!$A$3:$A$21,0),MATCH("S."&H$8,Master!$B$2:$T$2,0)),0) -> 201.97815 | I13: 56-60 | J13: =IFERROR($J$10*INDEX(Master!$B$3:$T$21,MATCH($A13,Master!$A$3:$A$21,0),MATCH("S."&J$8,Master!$B$2:$T$2,0)),0) -> 201.97815 | K13: 56-60 | L13: =IFERROR($J$10*INDEX(Master!$B$3:$T$21,MATCH($A13,Master!$A$3:$A$21,0),MATCH("S."&L$8,Master!$B$2:$T$2,0)),0) -> 201.97815 | M13: 56-60 | N13: =IFERROR($J$10*INDEX(Master!$B$3:$T$21,MATCH($A13,Master!$A$3:$A$21,0),MATCH("S."&N$8,Master!$B$2:$T$2,0)),0) -> 201.97815 | O13: =SUM(B13:N13) -> 1514.8361
A14: 61-65 | B14: =IFERROR($B$10*INDEX(Master!$B$3:$T$21,MATCH($A14,Master!$A$3:$A$21,0),MATCH("S."&B$8,Master!$B$2:$T$2,0)),0) -> 51.290888 | C14: 61-65 | D14: =IFERROR($D$10*INDEX(Master!$B$3:$T$21,MATCH($A14,Master!$A$3:$A$21,0),MATCH("S."&D$8,Master!$B$2:$T$2,0)),0) -> 47.016647 | E14: 61-65 | F14: =IFERROR($F$10*INDEX(Master!$B$3:$T$21,MATCH($A14,Master!$A$3:$A$21,0),MATCH("S."&F$8,Master!$B$2:$T$2,0)),0) -> 51.290888 | G14: 61-65 | H14: =IFERROR($H$10*INDEX(Master!$B$3:$T$21,MATCH($A14,Master!$A$3:$A$21,0),MATCH("S."&H$8,Master!$B$2:$T$2,0)),0) -> 42.742406 | I14: 61-65 | J14: =IFERROR($J$10*INDEX(Master!$B$3:$T$21,MATCH($A14,Master!$A$3:$A$21,0),MATCH("S."&J$8,Master!$B$2:$T$2,0)),0) -> 42.742406 | K14: 61-65 | L14: =IFERROR($J$10*INDEX(Master!$B$3:$T$21,MATCH($A14,Master!$A$3:$A$21,0),MATCH("S."&L$8,Master!$B$2:$T$2,0)),0) -> 42.742406 | M14: 61-65 | N14: =IFERROR($J$10*INDEX(Master!$B$3:$T$21,MATCH($A14,Master!$A$3:$A$21,0),MATCH("S."&N$8,Master!$B$2:$T$2,0)),0) -> 42.742406 | O14: =SUM(B14:N14) -> 320.56805
A15: 66-70 | B15: =IFERROR($B$10*INDEX(Master!$B$3:$T$21,MATCH($A15,Master!$A$3:$A$21,0),MATCH("S."&B$8,Master!$B$2:$T$2,0)),0) -> 2165.646 | C15: 66-70 | D15: =IFERROR($D$10*INDEX(Master!$B$3:$T$21,MATCH($A15,Master!$A$3:$A$21,0),MATCH("S."&D$8,Master!$B$2:$T$2,0)),0) -> 1985.1755 | E15: 66-70 | F15: =IFERROR($F$10*INDEX(Master!$B$3:$T$21,MATCH($A15,Master!$A$3:$A$21,0),MATCH("S."&F$8,Master!$B$2:$T$2,0)),0) -> 2165.646 | G15: 66-70 | H15: =IFERROR($H$10*INDEX(Master!$B$3:$T$21,MATCH($A15,Master!$A$3:$A$21,0),MATCH("S."&H$8,Master!$B$2:$T$2,0)),0) -> 1804.705 | I15: 66-70 | J15: =IFERROR($J$10*INDEX(Master!$B$3:$T$21,MATCH($A15,Master!$A$3:$A$21,0),MATCH("S."&J$8,Master!$B$2:$T$2,0)),0) -> 1804.705 | K15: 66-70 | L15: =IFERROR($J$10*INDEX(Master!$B$3:$T$21,MATCH($A15,Master!$A$3:$A$21,0),MATCH("S."&L$8,Master!$B$2:$T$2,0)),0) -> 1804.705 | M15: 66-70 | N15: =IFERROR($J$10*INDEX(Master!$B$3:$T$21,MATCH($A15,Master!$A$3:$A$21,0),MATCH("S."&N$8,Master!$B$2:$T$2,0)),0) -> 1804.705 | O15: =SUM(B15:N15) -> 13535.288
A16: 71-75 | B16: =IFERROR($B$10*INDEX(Master!$B$3:$T$21,MATCH($A16,Master!$A$3:$A$21,0),MATCH("S."&B$8,Master!$B$2:$T$2,0)),0) -> 191.4277 | C16: 71-75 | D16: =IFERROR($D$10*INDEX(Master!$B$3:$T$21,MATCH($A16,Master!$A$3:$A$21,0),MATCH("S."&D$8,Master!$B$2:$T$2,0)),0) -> 175.47539 | E16: 71-75 | F16: =IFERROR($F$10*INDEX(Master!$B$3:$T$21,MATCH($A16,Master!$A$3:$A$21,0),MATCH("S."&F$8,Master!$B$2:$T$2,0)),0) -> 191.4277 | G16: 71-75 | H16: =IFERROR($H$10*INDEX(Master!$B$3:$T$21,MATCH($A16,Master!$A$3:$A$21,0),MATCH("S."&H$8,Master!$B$2:$T$2,0)),0) -> 159.52308 | I16: 71-75 | J16: =IFERROR($J$10*INDEX(Master!$B$3:$T$21,MATCH($A16,Master!$A$3:$A$21,0),MATCH("S."&J$8,Master!$B$2:$T$2,0)),0) -> 159.52308 | K16: 71-75 | L16: =IFERROR($J$10*INDEX(Master!$B$3:$T$21,MATCH($A16,Master!$A$3:$A$21,0),MATCH("S."&L$8,Master!$B$2:$T$2,0)),0) -> 159.52308 | M16: 71-75 | N16: =IFERROR($J$10*INDEX(Master!$B$3:$T$21,MATCH($A16,Master!$A$3:$A$21,0),MATCH("S."&N$8,Master!$B$2:$T$2,0)),0) -> 159.52308 | O16: =SUM(B16:N16) -> 1196.4231
A17: 76-80 | B17: =IFERROR($B$10*INDEX(Master!$B$3:$T$21,MATCH($A17,Master!$A$3:$A$21,0),MATCH("S."&B$8,Master!$B$2:$T$2,0)),0) -> 1635.8885 | C17: 76-80 | D17: =IFERROR($D$10*INDEX(Master!$B$3:$T$21,MATCH($A17,Master!$A$3:$A$21,0),MATCH("S."&D$8,Master!$B$2:$T$2,0)),0) -> 1499.5644 | E17: 76-80 | F17: =IFERROR($F$10*INDEX(Master!$B$3:$T$21,MATCH($A17,Master!$A$3:$A$21,0),MATCH("S."&F$8,Master!$B$2:$T$2,0)),0) -> 1635.8885 | G17: 76-80 | H17: =IFERROR($H$10*INDEX(Master!$B$3:$T$21,MATCH($A17,Master!$A$3:$A$21,0),MATCH("S."&H$8,Master!$B$2:$T$2,0)),0) -> 1363.2404 | I17: 76-80 | J17: =IFERROR($J$10*INDEX(Master!$B$3:$T$21,MATCH($A17,Master!$A$3:$A$21,0),MATCH("S."&J$8,Master!$B$2:$T$2,0)),0) -> 1363.2404 | K17: 76-80 | L17: =IFERROR($J$10*INDEX(Master!$B$3:$T$21,MATCH($A17,Master!$A$3:$A$21,0),MATCH("S."&L$8,Master!$B$2:$T$2,0)),0) -> 1363.2404 | M17: 76-80 | N17: =IFERROR($J$10*INDEX(Master!$B$3:$T$21,MATCH($A17,Master!$A$3:$A$21,0),MATCH("S."&N$8,Master!$B$2:$T$2,0)),0) -> 1363.2404 | O17: =SUM(B17:N17) -> 10224.303
A18: 81-85 | B18: =IFERROR($B$10*INDEX(Master!$B$3:$T$21,MATCH($A18,Master!$A$3:$A$21,0),MATCH("S."&B$8,Master!$B$2:$T$2,0)),0) -> 200.00608 | C18: 81-85 | D18: =IFERROR($D$10*INDEX(Master!$B$3:$T$21,MATCH($A18,Master!$A$3:$A$21,0),MATCH("S."&D$8,Master!$B$2:$T$2,0)),0) -> 183.33891 | E18: 81-85 | F18: =IFERROR($F$10*INDEX(Master!$B$3:$T$21,MATCH($A18,Master!$A$3:$A$21,0),MATCH("S."&F$8,Master!$B$2:$T$2,0)),0) -> 200.00608 | G18: 81-85 | H18: =IFERROR($H$10*INDEX(Master!$B$3:$T$21,MATCH($A18,Master!$A$3:$A$21,0),MATCH("S."&H$8,Master!$B$2:$T$2,0)),0) -> 166.67174 | I18: 81-85 | J18: =IFERROR($J$10*INDEX(Master!$B$3:$T$21,MATCH($A18,Master!$A$3:$A$21,0),MATCH("S."&J$8,Master!$B$2:$T$2,0)),0) -> 166.67174 | K18: 81-85 | L18: =IFERROR($J$10*INDEX(Master!$B$3:$T$21,MATCH($A18,Master!$A$3:$A$21,0),MATCH("S."&L$8,Master!$B$2:$T$2,0)),0) -> 166.67174 | M18: 81-85 | N18: =IFERROR($J$10*INDEX(Master!$B$3:$T$21,MATCH($A18,Master!$A$3:$A$21,0),MATCH("S."&N$8,Master!$B$2:$T$2,0)),0) -> 166.67174 | O18: =SUM(B18:N18) -> 1250.038
A19: 86-90 | B19: =IFERROR($B$10*INDEX(Master!$B$3:$T$21,MATCH($A19,Master!$A$3:$A$21,0),MATCH("S."&B$8,Master!$B$2:$T$2,0)),0) -> 9.1759492 | C19: 86-90 | D19: =IFERROR($D$10*INDEX(Master!$B$3:$T$21,MATCH($A19,Master!$A$3:$A$21,0),MATCH("S."&D$8,Master!$B$2:$T$2,0)),0) -> 8.4112868 | E19: 86-90 | F19: =IFERROR($F$10*INDEX(Master!$B$3:$T$21,MATCH($A19,Master!$A$3:$A$21,0),MATCH("S."&F$8,Master!$B$2:$T$2,0)),0) -> 9.1759492 | G19: 86-90 | H19: =IFERROR($H$10*INDEX(Master!$B$3:$T$21,MATCH($A19,Master!$A$3:$A$21,0),MATCH("S."&H$8,Master!$B$2:$T$2,0)),0) -> 7.6466244 | I19: 86-90 | J19: =IFERROR($J$10*INDEX(Master!$B$3:$T$21,MATCH($A19,Master!$A$3:$A$21,0),MATCH("S."&J$8,Master!$B$2:$T$2,0)),0) -> 7.6466244 | K19: 86-90 | L19: =IFERROR($J$10*INDEX(Master!$B$3:$T$21,MATCH($A19,Master!$A$3:$A$21,0),MATCH("S."&L$8,Master!$B$2:$T$2,0)),0) -> 7.6466244 | M19: 86-90 | N19: =IFERROR($J$10*INDEX(Master!$B$3:$T$21,MATCH($A19,Master!$A$3:$A$21,0),MATCH("S."&N$8,Master!$B$2:$T$2,0)),0) -> 7.6466244 | O19: =SUM(B19:N19) -> 57.349683
A20: 91-95 | B20: =IFERROR($B$10*INDEX(Master!$B$3:$T$21,MATCH($A20,Master!$A$3:$A$21,0),MATCH("S."&B$8,Master!$B$2:$T$2,0)),0) -> 792.09426 | C20: 91-95 | D20: =IFERROR($D$10*INDEX(Master!$B$3:$T$21,MATCH($A20,Master!$A$3:$A$21,0),MATCH("S."&D$8,Master!$B$2:$T$2,0)),0) -> 726.08641 | E20: 91-95 | F20: =IFERROR($F$10*INDEX(Master!$B$3:$T$21,MATCH($A20,Master!$A$3:$A$21,0),MATCH("S."&F$8,Master!$B$2:$T$2,0)),0) -> 792.09426 | G20: 91-95 | H20: =IFERROR($H$10*INDEX(Master!$B$3:$T$21,MATCH($A20,Master!$A$3:$A$21,0),MATCH("S."&H$8,Master!$B$2:$T$2,0)),0) -> 660.07855 | I20: 91-95 | J20: =IFERROR($J$10*INDEX(Master!$B$3:$T$21,MATCH($A20,Master!$A$3:$A$21,0),MATCH("S."&J$8,Master!$B$2:$T$2,0)),0) -> 660.07855 | K20: 91-95 | L20: =IFERROR($J$10*INDEX(Master!$B$3:$T$21,MATCH($A20,Master!$A$3:$A$21,0),MATCH("S."&L$8,Master!$B$2:$T$2,0)),0) -> 660.07855 | M20: 91-95 | N20: =IFERROR($J$10*INDEX(Master!$B$3:$T$21,MATCH($A20,Master!$A$3:$A$21,0),MATCH("S."&N$8,Master!$B$2:$T$2,0)),0) -> 660.07855 | O20: =SUM(B20:N20) -> 4950.5891
A21: 96-100 | B21: =IFERROR($B$10*INDEX(Master!$B$3:$T$21,MATCH($A21,Master!$A$3:$A$21,0),MATCH("S."&B$8,Master!$B$2:$T$2,0)),0) -> 0 | C21: 96-100 | D21: =IFERROR($D$10*INDEX(Master!$B$3:$T$21,MATCH($A21,Master!$A$3:$A$21,0),MATCH("S."&D$8,Master!$B$2:$T$2,0)),0) -> 0 | E21: 96-100 | F21: =IFERROR($F$10*INDEX(Master!$B$3:$T$21,MATCH($A21,Master!$A$3:$A$21,0),MATCH("S."&F$8,Master!$B$2:$T$2,0)),0) -> 0 | G21: 96-100 | H21: =IFERROR($H$10*INDEX(Master!$B$3:$T$21,MATCH($A21,Master!$A$3:$A$21,0),MATCH("S."&H$8,Master!$B$2:$T$2,0)),0) -> 0 | I21: 96-100 | J21: =IFERROR($J$10*INDEX(Master!$B$3:$T$21,MATCH($A21,Master!$A$3:$A$21,0),MATCH("S."&J$8,Master!$B$2:$T$2,0)),0) -> 0 | K21: 96-100 | L21: =IFERROR($J$10*INDEX(Master!$B$3:$T$21,MATCH($A21,Master!$A$3:$A$21,0),MATCH("S."&L$8,Master!$B$2:$T$2,0)),0) -> 0 | M21: 96-100 | N21: =IFERROR($J$10*INDEX(Master!$B$3:$T$21,MATCH($A21,Master!$A$3:$A$21,0),MATCH("S."&N$8,Master!$B$2:$T$2,0)),0) -> 0 | O21: =SUM(B21:N21) -> 0
A22: 101-120 | B22: =IFERROR($B$10*INDEX(Master!$B$3:$T$21,MATCH($A22,Master!$A$3:$A$21,0),MATCH("S."&B$8,Master!$B$2:$T$2,0)),0) -> 364.8049 | C22: 101-120 | D22: =IFERROR($D$10*INDEX(Master!$B$3:$T$21,MATCH($A22,Master!$A$3:$A$21,0),MATCH("S."&D$8,Master!$B$2:$T$2,0)),0) -> 334.40449 | E22: 101-120 | F22: =IFERROR($F$10*INDEX(Master!$B$3:$T$21,MATCH($A22,Master!$A$3:$A$21,0),MATCH("S."&F$8,Master!$B$2:$T$2,0)),0) -> 364.8049 | G22: 101-120 | H22: =IFERROR($H$10*INDEX(Master!$B$3:$T$21,MATCH($A22,Master!$A$3:$A$21,0),MATCH("S."&H$8,Master!$B$2:$T$2,0)),0) -> 304.00408 | I22: 101-120 | J22: =IFERROR($J$10*INDEX(Master!$B$3:$T$21,MATCH($A22,Master!$A$3:$A$21,0),MATCH("S."&J$8,Master!$B$2:$T$2,0)),0) -> 304.00408 | K22: 101-120 | L22: =IFERROR($J$10*INDEX(Master!$B$3:$T$21,MATCH($A22,Master!$A$3:$A$21,0),MATCH("S."&L$8,Master!$B$2:$T$2,0)),0) -> 304.00408 | M22: 101-120 | N22: =IFERROR($J$10*INDEX(Master!$B$3:$T$21,MATCH($A22,Master!$A$3:$A$21,0),MATCH("S."&N$8,Master!$B$2:$T$2,0)),0) -> 304.00408 | O22: =SUM(B22:N22) -> 2280.0306
... A24: 131-140 | B24: =IFERROR($B$10*INDEX(Master!$B$3:$T$21,MATCH($A24,Master!$A$3:$A$21,0),MATCH("S."&B$8,Master!$B$2:$T$2,0)),0) -> 63.505115 | C24: 131-140 | D24: =IFERROR($D$10*INDEX(Master!$B$3:$T$21,MATCH($A24,Master!$A$3:$A$21,0),MATCH("S."&D$8,Master!$B$2:$T$2,0)),0) -> 58.213022 | E24: 131-140 | F24: =IFERROR($F$10*INDEX(Master!$B$3:$T$21,MATCH($A24,Master!$A$3:$A$21,0),MATCH("S."&F$8,Master!$B$2:$T$2,0)),0) -> 63.505115 | G24: 131-140 | H24: =IFERROR($H$10*INDEX(Master!$B$3:$T$21,MATCH($A24,Master!$A$3:$A$21,0),MATCH("S."&H$8,Master!$B$2:$T$2,0)),0) -> 52.920929 | I24: 131-140 | J24: =IFERROR($J$10*INDEX(Master!$B$3:$T$21,MATCH($A24,Master!$A$3:$A$21,0),MATCH("S."&J$8,Master!$B$2:$T$2,0)),0) -> 52.920929 | K24: 131-140 | L24: =IFERROR($J$10*INDEX(Master!$B$3:$T$21,MATCH($A24,Master!$A$3:$A$21,0),MATCH("S."&L$8,Master!$B$2:$T$2,0)),0) -> 52.920929 | M24: 131-140 | N24: =IFERROR($J$10*INDEX(Master!$B$3:$T$21,MATCH($A24,Master!$A$3:$A$21,0),MATCH("S."&N$8,Master!$B$2:$T$2,0)),0) -> 52.920929 | O24: =SUM(B24:N24) -> 396.90697
A25: ฝอยคัดทิ้ง >140 | B25: =B10-SUM(B11:B24) -> 66.899956 | C25: ฝอยคัดทิ้ง >140 | D25: =D10-SUM(D11:D24) -> 61.324959 | E25: ฝอยคัดทิ้ง >140 | F25: =F10-SUM(F11:F24) -> 66.899956 | G25: ฝอยคัดทิ้ง >140 | H25: =H10-SUM(H11:H24) -> 55.749963 | I25: ฝอยคัดทิ้ง >140 | J25: =J10-SUM(J11:J24) -> 55.749963 | K25: ฝอยคัดทิ้ง >140 | L25: =L10-SUM(L11:L24) -> 55.749963 | M25: ฝอยคัดทิ้ง >140 | N25: =N10-SUM(N11:N24) -> 55.749963 | O25: =SUM(B25:N25) -> 418.12472
A26: SUM | B26: =SUM(B11:B25) -> 6000 | C26: SUM | D26: =SUM(D11:D25) -> 5500 | E26: SUM | F26: =SUM(F11:F25) -> 6000 | G26: SUM | H26: =SUM(H11:H25) -> 5000 | I26: SUM | J26: =SUM(J11:J25) -> 5000 | K26: SUM | L26: =SUM(L11:L25) -> 5000 | M26: SUM | N26: =SUM(N11:N25) -> 5000 | O26: =SUM(B26:N26) -> 37500
A27: วิธีจับ | B27: แพ็ค | C27: วิธีจับ | D27: แพ็ค | E27: วิธีจับ | F27: แพ็ค | G27: วิธีจับ | H27: แพ็ค | I27: วิธีจับ | J27: แพ็ค | K27: วิธีจับ | L27: แพ็ค | M27: วิธีจับ | N27: แพ็ค
A28: Sal. (ppt) | B28: 20 | C28: Sal. (ppt) | D28: 20 | E28: Sal. (ppt) | F28: 20 | G28: Sal. (ppt) | H28: 20 | I28: Sal. (ppt) | J28: 20 | K28: Sal. (ppt) | L28: 20 | M28: Sal. (ppt) | N28: 20
A29: Remark | C29: Remark | E29: Remark | G29: Remark | I29: Remark | K29: Remark | M29: Remark
A30: %หักDefect | B30: 0.05 | C30: %หักDefect | D30: 0.05 | E30: %หักDefect | F30: 0.05 | G30: %หักDefect | H30: 0.05 | I30: %หักDefect | J30: 0.05 | K30: %หักDefect | L30: 0.05 | M30: %หักDefect | N30: 0.05
A31: Uniform | B31: 1.79 | C31: Uniform | D31: 1.79 | E31: Uniform | F31: 1.79 | G31: Uniform | H31: 1.79 | I31: Uniform | J31: 1.79 | K31: Uniform | L31: 1.79 | M31: Uniform | N31: 1.79
A32: แจ้งจับ ปิด/แบ่ง | B32: 10 | C32: แจ้งจับ ปิด/แบ่ง | D32: 10 | E32: แจ้งจับ ปิด/แบ่ง | F32: 10 | G32: แจ้งจับ ปิด/แบ่ง | H32: 10 | I32: แจ้งจับ ปิด/แบ่ง | J32: 10 | K32: แจ้งจับ ปิด/แบ่ง | L32: 10 | M32: แจ้งจับ ปิด/แบ่ง | N32: 10
A33: แบ่ง STD | B33: 5 | C33: แบ่ง STD | D33: 5 | E33: แบ่ง STD | F33: 5 | G33: แบ่ง STD | H33: 5 | I33: แบ่ง STD | J33: 5 | K33: แบ่ง STD | L33: 5 | M33: แบ่ง STD | N33: 5
A34: แบ่ง Premium | C34: แบ่ง Premium | E34: แบ่ง Premium | G34: แบ่ง Premium | I34: แบ่ง Premium | K34: แบ่ง Premium | M34: แบ่ง Premium
A35: แบ่ง ปัดใหญ่ | C35: แบ่ง ปัดใหญ่ | E35: แบ่ง ปัดใหญ่ | G35: แบ่ง ปัดใหญ่ | I35: แบ่ง ปัดใหญ่ | K35: แบ่ง ปัดใหญ่ | M35: แบ่ง ปัดใหญ่
A36: แบ่ง โรง2/ใต้ | C36: แบ่ง โรง2/ใต้ | E36: แบ่ง โรง2/ใต้ | G36: แบ่ง โรง2/ใต้ | I36: แบ่ง โรง2/ใต้ | K36: แบ่ง โรง2/ใต้ | M36: แบ่ง โรง2/ใต้
A37: แบ่งวันก่อน | C37: แบ่งวันก่อน | E37: แบ่งวันก่อน | G37: แบ่งวันก่อน | I37: แบ่งวันก่อน | K37: แบ่งวันก่อน | M37: แบ่งวันก่อน
