Workbook

Sheet แผนผลิต
B1: DOCNO. : FM - PL - 016 | N1: FROM | AA1: TITLE : แผนสั่งผลิตสินค้า Wonton & Noodle Plant 3
B2: REVISON : 0 | N2: EFFECTIVE DATE : 16 JULY 2024 | AA2: อายุการเก็บรักษา : 6 เดือน
B3: Date Report | D3: ซ่อน | E3: ซ่อน | F3: ซ่อน | G3: 46274 | L3: ซ่อน | AE3: =(P4011*Q4011*R4011*V4011)/0.54 -> 226.66667
A4: R T C | B4: แผนผลิต Date | C4: แผน LOAD Date | D4: year | E4: WEEK | F4: Month | G4: No-. order | H4: Country | I4: Country2 | J4: Customer | K4: Group1 | L4: Group2 | M4: Product | N4: CODE | O4: Packing | P4: cups | Q4: Pcs./Cup | R4: WT/Pcs | S4: RM | T4: Dip | U4: Soup | V4: QTY | W4: Stock จริง | X4: Stock สำรอง | Y4: Short/cs | Z4: Short/cup | AA4: Short Raw Wonton /Pcs. | AB4: ผงซุป/tray | AC4: ผงซุป | AD4: Remaek | AE4: WT/ PD | AF4: WT/ HO (Tons.) | AH4: WT | AI4: Order ถ้วย | AJ4: ผลิต ถ้วย | AP4: ดิวเข้า PK | AQ4: ฟิล์ม | AR4: ถ้วย | AS4: ฝา | AT4: INNER | AU4: แผ่นกั้น | AV4: M | AW4: M/ก้น | AX4: ถุง | AY4: STK-ฝา | AZ4: STK-ถ้วย | BA4: STK-ข้างถ้วย | BB4: ผงซุป
B5: 45292 | D5: =IF(B5="","",YEAR(B5)) -> 2024 | E5: =VLOOKUP($B5,Week!$A$1:$C$1462,2,0) -> Week1 | F5: =IF(B5="","",TEXT(B5,"[$-409]mmm")) -> Jan | AK5: 66S03 | AM5: =AG5*Z5 -> 0 | AN5: =B5 -> 45292 | AO5: 2
B6: 45293 | D6: =IF(B6="","",YEAR(B6)) -> 2024 | E6: =VLOOKUP($B6,Week!$A$1:$C$1462,2,0) -> Week1 | F6: =IF(B6="","",TEXT(B6,"[$-409]mmm")) -> Jan | AK6: 66S03 | AM6: =AG6*Z6 -> 0 | AN6: =B6 -> 45293 | AO6: 2
A7: T | B7: 45294 | C7: 45207 | D7: =IF(B7="","",YEAR(B7)) -> 2024 | E7: =VLOOKUP($B7,Week!$A$1:$C$1462,2,0) -> Week1 | F7: =IF(B7="","",TEXT(B7,"[$-409]mmm")) -> Jan | G7: DRY2300557 | H7: USA | I7: CPFNW | J7: Bellisio | K7: C-WT in tray no egg | L7: Cooked Wonton | M7: COOKED WONTON 6 pcs. | N7: 082S8BW08012P00001 | O7: 117*2tray*8in | P7: 16 | Q7: 6 | R7: 0.00813 | S7: M | T7: Salt | U7: Sesame 15g | V7: 901 | X7: 901 | Y7: =(W7+X7)-V7 -> 0 | Z7: =IF(Y7<0,((V7*P7)-((W7+X7)*P7)),0) -> 0 | AB7: 1 | AC7: =AB7*V7*P7 -> 14416 | AD7: cap 3000 tray/hr. | AG7: =MID(O7,1,3)/1000 -> 0.117 | AH7: =(Z7*AG7)/1000 -> 0 | AI7: =V7*P7 -> 14416 | AK7: 66S03 | AL7: RES_KL3_FUR_FREEZE_COOK | AM7: =AG7*Z7 -> 0 | AN7: =B7 -> 45294 | AO7: 2 | AR7: 12080450 | AT7: 12083198 | AV7: 12080491 | AX7: ซอง 12080447/ม้วน
A8: STK ตรุษจีน | B8: 45294 | C8: 45299 | D8: =IF(B8="","",YEAR(B8)) -> 2024 | E8: =VLOOKUP($B8,Week!$A$1:$C$1462,2,0) -> Week1 | F8: =IF(B8="","",TEXT(B8,"[$-409]mmm")) -> Jan | G8: ขายภายใน | H8: .7-11 | I8: CPFGS | J8: ถ้วยขาวพิมพ์ลายใหม่ | K8: Wonton | L8: Cooked Wonton | M8: Cooked Wonton No Egg .7-11 | N8: 082S81A24005P06001 | O8: 130g*24 | P8: 24 | Q8: 5 | R8: 0.0062 | S8: SS | T8: STPP | U8: Regular | V8: 2878 | W8: 2878 | Y8: =(W8+X8)-V8 -> 0 | Z8: =IF(Y8<0,((V8*P8)-((W8+X8)*P8)),0) -> 0 | AD8: STK ตรุษจีน | AG8: =MID(O8,1,3)/1000 -> 0.13 | AH8: =(Z8*AG8)/1000 -> 0 | AI8: =V8*P8 -> 69072 | AK8: 66S03 | AL8: RES_KL3_FUR_FREEZE_COOK | AM8: =AG8*Z8 -> 0 | AN8: =B8 -> 45294 | AO8: 2 | AP8: 13/1/22 | AQ8: 12071839 | AR8: 12078867 | AS8: 12068233 | AV8: 12062075 | AY8: 12078868
A9: เริ่มหมึกพิพม์ใหม่ | B9: 45294 | C9: 45299 | D9: =IF(B9="","",YEAR(B9)) -> 2024 | E9: =VLOOKUP($B9,Week!$A$1:$C$1462,2,0) -> Week1 | F9: =IF(B9="","",TEXT(B9,"[$-409]mmm")) -> Jan | G9: DRY2300667 | H9: Netherlands | I9: CPFNW | J9: Westbridge Foods Limited | K9: Wonton ND+V+TY | L9: Cooked Wonton | M9: Cooked Wonton ND No Egg with Pumpkin + Vegetable 5 pcs tomyam | N9: 082SJWE24005P01001 | O9: 307g*4c*6in | P9: 24 | Q9: 5 | R9: 0.0075 | S9: M | T9: Salt | U9: TYEX+CO | V9: 924 | W9: =924 -> 924 | Y9: =(W9+X9)-V9 -> 0 | Z9: =IF(Y9<0,((V9*P9)-((W9+X9)*P9)),0) -> 0 | AD9: เริ่มหมึกพิพม์ใหม่ | AG9: =MID(O9,1,3)/1000 -> 0.307 | AH9: =(Z9*AG9)/1000 -> 0 | AI9: =V9*P9 -> 22176 | AK9: 66S03 | AL9: RES_KL3_FUR_FREEZE_COOK | AM9: =AG9*Z9 -> 0 | AN9: =B9 -> 45294 | AO9: 2 | AP9: รอแบบ | AQ9: 12063755 | AR9: 12061353 | AS9: 12061354 | AT9: 12084023 | AV9: 12084228
A10: R | B10: 45294 | C10: 45299 | D10: =IF(B10="","",YEAR(B10)) -> 2024 | E10: =VLOOKUP($B10,Week!$A$1:$C$1462,2,0) -> Week1 | F10: =IF(B10="","",TEXT(B10,"[$-409]mmm")) -> Jan | G10: DRY2300541 | H10: SG | I10: CPFNW | J10: CPI SINGAPORE | K10: R-Wonton egg past | L10: Raw Wonton | M10: Raw Wonton 12 pcs | N10: 082I93B20012P06001 | O10: 154g*20in | P10: 20 | Q10: 12 | R10: 0.00681 | S10: S | T10: STPP | U10: ซุปซอง 5g. | V10: =1000-61-58-47-62-67-16-25 -> 664 | W10: 664 | Y10: =(W10+X10)-V10 -> 0 | Z10: =IF(Y10<0,((V10*P10)-((W10+X10)*P10)),0) -> 0 | AA10: =Q10*Z10 -> 0 | AB10: 2 | AC10: =Z10*AB10 -> 0 | AD10: ห่อแบบสุก | AG10: =MID(O10,1,3)/1000 -> 0.154 | AH10: =(Z10*AG10)/1000 -> 0 | AI10: =V10*P10 -> 13280 | AK10: 66S03 | AL10: RES_KL3_FUR_FREEZE_RAW | AM10: =AG10*Z10 -> 0 | AN10: =B10 -> 45294 | AO10: 2 | AP10: 20/12/21 | AQ10: 12045770 | AR10: 12019692 | AT10: 12055901 | AV10: 12055893 | AX10: 12045309(248)
A11: STK ตรุษจีน | B11: 45295 | C11: 45299 | D11: =IF(B11="","",YEAR(B11)) -> 2024 | E11: =VLOOKUP($B11,Week!$A$1:$C$1462,2,0) -> Week1 | F11: =IF(B11="","",TEXT(B11,"[$-409]mmm")) -> Jan | G11: ขายภายใน | H11: .7-11 | I11: CPFGS | J11: ถ้วยขาวพิมพ์ลายใหม่ | K11: Wonton | L11: Cooked Wonton | M11: Cooked Wonton No Egg .7-11 | N11: 082S81A24005P06001 | O11: 130g*24 | P11: 24 | Q11: 5 | R11: 0.0062 | S11: SS | T11: STPP | U11: Regular | V11: =8334-2878+36 -> 5492 | W11: =4685+262+262+283 -> 5492 | Y11: =(W11+X11)-V11 -> 0 | Z11: =IF(Y11<0,((V11*P11)-((W11+X11)*P11)),0) -> 0 | AD11: STK ตรุษจีน | AG11: =MID(O11,1,3)/1000 -> 0.13 | AH11: =(Z11*AG11)/1000 -> 0 | AI11: =V11*P11 -> 131808 | AK11: 66S03 | AL11: RES_KL3_FUR_FREEZE_COOK | AM11: =AG11*Z11 -> 0 | AN11: =B11 -> 45295 | AO11: 2 | AP11: 13/1/22 | AQ11: 12071839 | AR11: 12078867 | AS11: 12068233 | AV11: 12062075 | AY11: 12078868
B12: 45295 | C12: 45307 | D12: =IF(B12="","",YEAR(B12)) -> 2024 | E12: =VLOOKUP($B12,Week!$A$1:$C$1462,2,0) -> Week1 | F12: =IF(B12="","",TEXT(B12,"[$-409]mmm")) -> Jan | G12: DRY2300666 | H12: UK | I12: CPFNW | J12: Westbridge Foods Limited | K12: Wonton ND+V+TY | L12: Cooked Wonton | M12: Cooked Wonton ND No Egg with Pumpkin + Vegetable 5 pcs tomyam | N12: 082SJWE24005P00001 | O12: 307g*4c*6in | P12: 24 | Q12: 5 | R12: 0.0075 | S12: M | T12: Salt | U12: TYEX+CO | V12: 924 | W12: =5+826+8+85 -> 924 | Y12: =(W12+X12)-V12 -> 0 | Z12: =IF(Y12<0,((V12*P12)-((W12+X12)*P12)),0) -> 0 | AG12: =MID(O12,1,3)/1000 -> 0.307 | AH12: =(Z12*AG12)/1000 -> 0 | AI12: =V12*P12 -> 22176 | AK12: 66S03 | AL12: RES_KL3_FUR_FREEZE_COOK | AM12: =AG12*Z12 -> 0 | AN12: =B12 -> 45295 | AO12: 2 | AP12: รอแบบ | AQ12: 12063755 | AR12: 12061353 | AS12: 12061354 | AT12: 12084023 | AV12: 12084228
A13: R | B13: 45295 | C13: 45299 | D13: =IF(B13="","",YEAR(B13)) -> 2024 | E13: =VLOOKUP($B13,Week!$A$1:$C$1462,2,0) -> Week1 | F13: =IF(B13="","",TEXT(B13,"[$-409]mmm")) -> Jan | G13: KL2300030 | H13: China | I13: China | J13: Sam's (Shanghai) Investment Co., Ltd. | K13: R-Wonton no egg | L13: Raw Wonton | M13: Raw Wonton 60 pcs | N13: 082I9WN08060P00001 | O13: 750g*8in | P13: 8 | Q13: 60 | R13: 0.00681 | S13: S | T13: STPP | U13: ซุปซอง 5g. | V13: 546 | W13: =5+541 -> 546 | Y13: =(W13+X13)-V13 -> 0 | Z13: =IF(Y13<0,((V13*P13)-((W13+X13)*P13)),0) -> 0 | AA13: =Q13*Z13 -> 0 | AB13: 6 | AC13: =Z13*AB13 -> 0 | AG13: =MID(O13,1,3)/1000 -> 0.75 | AH13: =(Z13*AG13)/1000 -> 0 | AI13: =V13*P13 -> 4368 | AK13: 66S03 | AL13: RES_KL3_FUR_FREEZE_RAW | AM13: =AG13*Z13 -> 0 | AN13: =B13 -> 45295 | AO13: 2 | AP13: 10/11/21 | AQ13: 12004862 | AR13: 12080753 | AT13: 12082897 | AV13: 12082898 | AW13: 12082899 | AX13: 12080741(117)
A14: T | B14: 45296 | C14: 45207 | D14: =IF(B14="","",YEAR(B14)) -> 2024 | E14: =VLOOKUP($B14,Week!$A$1:$C$1462,2,0) -> Week1 | F14: =IF(B14="","",TEXT(B14,"[$-409]mmm")) -> Jan | G14: DRY2300557 | H14: USA | I14: CPFNW | J14: Bellisio | K14: C-WT in tray no egg | L14: Cooked Wonton | M14: COOKED WONTON 6 pcs. | N14: 082S8BW08012P00001 | O14: 117*2tray*8in | P14: 16 | Q14: 6 | R14: 0.00813 | S14: M | T14: Salt | U14: Sesame 15g | V14: 599 | W14: 599 | Y14: =(W14+X14)-V14 -> 0 | Z14: =IF(Y14<0,((V14*P14)-((W14+X14)*P14)),0) -> 0 | AB14: 1 | AC14: =AB14*V14*P14 -> 9584 | AD14: cap 3000 tray/hr. | AG14: =MID(O14,1,3)/1000 -> 0.117 | AH14: =(Z14*AG14)/1000 -> 0 | AI14: =V14*P14 -> 9584 | AK14: 66S03 | AL14: RES_KL3_FUR_FREEZE_COOK | AM14: =AG14*Z14 -> 0 | AN14: =B14 -> 45296 | AO14: 2 | AR14: 12080450 | AT14: 12083198 | AV14: 12080491 | AX14: ซอง 12080447/ม้วน
B15: 45296 | D15: =IF(B15="","",YEAR(B15)) -> 2024 | E15: =VLOOKUP($B15,Week!$A$1:$C$1462,2,0) -> Week1 | F15: =IF(B15="","",TEXT(B15,"[$-409]mmm")) -> Jan | G15: ขายภายใน | H15: .7-11 | I15: CPFGS | J15: ถ้วยขาวพิมพ์ลายใหม่ | K15: Wonton | L15: Cooked Wonton | M15: Cooked Wonton No Egg .7-11 | N15: 082S81A24005P06001 | O15: 130g*24 | P15: 24 | Q15: 5 | R15: 0.0062 | S15: SS | T15: STPP | U15: Regular | V15: 1997 | W15: =2804-262-262-283 -> 1997 | Y15: =(W15+X15)-V15 -> 0 | Z15: =IF(Y15<0,((V15*P15)-((W15+X15)*P15)),0) -> 0 | AG15: =MID(O15,1,3)/1000 -> 0.13 | AH15: =(Z15*AG15)/1000 -> 0 | AI15: =V15*P15 -> 47928 | AK15: 66S03 | AL15: RES_KL3_FUR_FREEZE_COOK | AM15: =AG15*Z15 -> 0 | AN15: =B15 -> 45296 | AO15: 2 | AP15: 13/1/22 | AQ15: 12071839 | AR15: 12078867 | AS15: 12068233 | AV15: 12062075 | AY15: 12078868
A16: R | B16: 45296 | C16: 45299 | D16: =IF(B16="","",YEAR(B16)) -> 2024 | E16: =VLOOKUP($B16,Week!$A$1:$C$1462,2,0) -> Week1 | F16: =IF(B16="","",TEXT(B16,"[$-409]mmm")) -> Jan | G16: KL2300030 | H16: China | I16: China | J16: Sam's (Shanghai) Investment Co., Ltd. | K16: R-Wonton no egg | L16: Raw Wonton | M16: Raw Wonton 60 pcs | N16: 082I9WN08060P00001 | O16: 750g*8in | P16: 8 | Q16: 60 | R16: 0.00681 | S16: S | T16: STPP | U16: ซุปซอง 5g. | V16: 555 | W16: 555 | Y16: =(W16+X16)-V16 -> 0 | Z16: =IF(Y16<0,((V16*P16)-((W16+X16)*P16)),0) -> 0 | AA16: =Q16*Z16 -> 0 | AB16: 6 | AC16: =Z16*AB16 -> 0 | AG16: =MID(O16,1,3)/1000 -> 0.75 | AH16: =(Z16*AG16)/1000 -> 0 | AI16: =V16*P16 -> 4440 | AK16: 66S03 | AL16: RES_KL3_FUR_FREEZE_RAW | AM16: =AG16*Z16 -> 0 | AN16: =B16 -> 45296 | AO16: 2 | AP16: 10/11/21 | AQ16: 12004862 | AR16: 12080753 | AT16: 12082897 | AV16: 12082898 | AW16: 12082899 | AX16: 12080741(117)
A17: เก็บตก | B17: 45297 | C17: 45299 | D17: =IF(B17="","",YEAR(B17)) -> 2024 | E17: =VLOOKUP($B17,Week!$A$1:$C$1462,2,0) -> Week1 | F17: =IF(B17="","",TEXT(B17,"[$-409]mmm")) -> Jan | G17: DRY2300557 | H17: USA | I17: CPFNW | J17: Bellisio Foods, Inc. | K17: Minced ND | L17: Cooked Wonton | M17: Cooked Minced Wonton Noodle No Egg | N17: 082SRBW08005P00001 | O17: 258g*8 | P17: 8 | Q17: 5 | R17: 0.006 | S17: BK | T17: Salt | U17: Regular | V17: 202 | W17: 202 | Y17: =(W17+X17)-V17 -> 0 | Z17: =IF(Y17<0,((V17*P17)-((W17+X17)*P17)),0) -> 0 | AG17: =MID(O17,1,3)/1000 -> 0.258 | AH17: 0.26622 | AI17: =V17*P17 -> 1616 | AK17: 66S03 | AL17: RES_KL3_FUR_FREEZE_COOK | AM17: =AG17*Z17 -> 0 | AN17: =B17 -> 45297 | AO17: 2 | AQ17: 12071839 | AR17: 12042650 | AS17: 12042649 | AT17: 12084100 | AV17: 12084001
B18: 45297 | C18: 45306 | D18: =IF(B18="","",YEAR(B18)) -> 2024 | E18: =VLOOKUP($B18,Week!$A$1:$C$1462,2,0) -> Week1 | F18: =IF(B18="","",TEXT(B18,"[$-409]mmm")) -> Jan | G18: ขายภายใน | H18: MTFS | I18: CPFGS | J18: ซีพีเอฟ เทรดดิ้ง | K18: E+Wonton NDE | L18: Cooked Wonton | M18: Cooked Wonton ND with egg V-Food | N18: 082SJ3Q12003P07001 | O18: 226g*12 | P18: 12 | Q18: 3 | R18: 0.008 | S18: M | T18: STPP | U18: Regular | V18: 515 | W18: =2+513 -> 515 | Y18: =(W18+X18)-V18 -> 0 | Z18: =IF(Y18<0,((V18*P18)-((W18+X18)*P18)),0) -> 0 | AG18: =MID(O18,1,3)/1000 -> 0.226 | AH18: =(Z18*AG18)/1000 -> 0 | AI18: =V18*P18 -> 6180 | AK18: 66S03 | AL18: RES_KL3_FUR_FREEZE_COOK | AM18: =AG18*Z18 -> 0 | AN18: =B18 -> 45297 | AO18: 2 | AP18: 25/11/21 | AR18: 12042650 | AS18: 12042649 | AV18: 12083156 | AY18: 12083147 | AZ18: 12083148
B19: 45297 | C19: 45320 | D19: =IF(B19="","",YEAR(B19)) -> 2024 | E19: =VLOOKUP($B19,Week!$A$1:$C$1462,2,0) -> Week1 | F19: =IF(B19="","",TEXT(B19,"[$-409]mmm")) -> Jan | G19: ขายภายใน | H19: MTFS | I19: CPFGS | J19: ซีพีเอฟ เทรดดิ้ง | K19: E+Wonton TY | L19: Cooked Wonton | M19: Cooked Wonton Tomyum with egg.V-Food TY | N19: 082S83Q12005P04001 | O19: 115g*12 | P19: 12 | Q19: 5 | R19: 0.008 | S19: M | T19: STPP | U19: TYTB3C 30G | V19: 320 | W19: 320 | Y19: =(W19+X19)-V19 -> 0 | Z19: =IF(Y19<0,((V19*P19)-((W19+X19)*P19)),0) -> 0 | AB19: 1 | AC19: =Z19*AB19 -> 0 | AG19: =MID(O19,1,3)/1000 -> 0.115 | AH19: =(Z19*AG19)/1000 -> 0 | AI19: =V19*P19 -> 3840 | AK19: 66S03 | AL19: RES_KL3_FUR_FREEZE_COOK | AM19: =AG19*Z19 -> 0 | AN19: =B19 -> 45297 | AO19: 2 | AP19: 25/11/21 | AQ19: 12071839 | AR19: 12047514 | AS19: 12047515 | AV19: 12072447 | AY19: 12064574 | AZ19: 12064576
B20: 45297 | C20: 45299 | D20: =IF(B20="","",YEAR(B20)) -> 2024 | E20: =VLOOKUP($B20,Week!$A$1:$C$1462,2,0) -> Week1 | F20: =IF(B20="","",TEXT(B20,"[$-409]mmm")) -> Jan | G20: ขายภายใน | H20: MTFS | I20: CPFGS | J20: ซีพีเอฟ เทรดดิ้ง | K20: E+Wonton | L20: Cooked Wonton | M20: Cooked Wonton with egg V-Food | N20: 082S83Q12005P05001 | O20: 145g*12 | P20: 12 | Q20: 5 | R20: 0.008 | S20: M | T20: STPP | U20: Regular | V20: 2919 | W20: =21+1+2897 -> 2919 | Y20: =(W20+X20)-V20 -> 0 | Z20: =IF(Y20<0,((V20*P20)-((W20+X20)*P20)),0) -> 0 | AG20: =MID(O20,1,3)/1000 -> 0.145 | AH20: =(Z20*AG20)/1000 -> 0 | AI20: =V20*P20 -> 35028 | AK20: 66S03 | AL20: RES_KL3_FUR_FREEZE_COOK | AM20: =AG20*Z20 -> 0 | AN20: =B20 -> 45297 | AO20: 2 | AP20: 10/12/21 | AQ20: 12071839 | AR20: 12047514 | AS20: 12047515 | AV20: 12080617 | AY20: 12080618 | AZ20: 12080619
B21: 45297 | C21: 45309 | D21: =IF(B21="","",YEAR(B21)) -> 2024 | E21: =VLOOKUP($B21,Week!$A$1:$C$1462,2,0) -> Week1 | F21: =IF(B21="","",TEXT(B21,"[$-409]mmm")) -> Jan | G21: ขายภายใน | H21: MTFS | I21: CPFGS | J21: ซีพีเอฟ เทรดดิ้ง | K21: E+Wonton | L21: Cooked Wonton | M21: Cooked Wonton Multipack with Egg 270g | N21: 082S83Q18005P05001 | O21: 270g*3B*6B | P21: 18 | Q21: 5 | R21: 0.008 | S21: M | T21: STPP | U21: ซุปซอง 5g. | V21: 1700 | W21: =999+123+578 -> 1700 | Y21: =(W21+X21)-V21 -> 0 | Z21: =IF(Y21<0,((V21*P21)-((W21+X21)*P21)),0) -> 0 | AB21: 1 | AC21: =Z21*AB21 -> 0 | AG21: =(MID(O21,1,3)/1000)/3 -> 0.09 | AH21: =(Z21*AG21)/1000 -> 0 | AI21: =V21*P21 -> 30600 | AK21: 66S03 | AL21: RES_KL3_FUR_FREEZE_COOK | AM21: =AG21*Z21 -> 0 | AN21: =B21 -> 45297 | AO21: 2 | AP21: 10/12/21 | AV21: 12080791 | AW21: ถุงพิมพ์ 12080790 | AX21: 12074457(18/กก.)
B22: 45297 | C22: 45299 | D22: =IF(B22="","",YEAR(B22)) -> 2024 | E22: =VLOOKUP($B22,Week!$A$1:$C$1462,2,0) -> Week1 | F22: =IF(B22="","",TEXT(B22,"[$-409]mmm")) -> Jan | G22: ขายภายใน | H22: .7-11 | I22: CPFGS | J22: ซีพีเอฟ เทรดดิ้ง | K22: E+Wonton+หมาล่า | L22: Cooked Wonton | M22: เกี๊ยวกุ้งจักรพรรดิซุปหมาล่า (ตรา ซีพี)_7E | N22: 082S81A24005P0B001 | O22: 143g*24 | P22: 24 | Q22: 5 | R22: 0.0062 | S22: SS | T22: STPP | U22: หมาล่า | V22: 2030 | W22: =4756-4707+1981 -> 2030 | Y22: =(W22+X22)-V22 -> 0 | Z22: =IF(Y22<0,((V22*P22)-((W22+X22)*P22)),0) -> 0 | AG22: =MID(O22,1,3)/1000 -> 0.143 | AH22: =(Z22*AG22)/1000 -> 0 | AI22: =V22*P22 -> 48720 | AK22: 66S03 | AL22: RES_KL3_FUR_FREEZE_COOK | AM22: =AG22*Z22 -> 0 | AN22: =B22 -> 45297 | AO22: 2 | AP22: 18/12/21 | AQ22: 12071839 | AR22: 12047514 | AS22: 12047515 | AV22: 12080613 | AY22: 12080614 | AZ22: 12080616
A23: R | B23: 45297 | C23: 45299 | D23: =IF(B23="","",YEAR(B23)) -> 2024 | E23: =VLOOKUP($B23,Week!$A$1:$C$1462,2,0) -> Week1 | F23: =IF(B23="","",TEXT(B23,"[$-409]mmm")) -> Jan | G23: KL2300030 | H23: China | I23: China | J23: Sam's (Shanghai) Investment Co., Ltd. | K23: R-Wonton no egg | L23: Raw Wonton | M23: Raw Wonton 60 pcs | N23: 082I9WN08060P00001 | O23: 750g*8in | P23: 8 | Q23: 60 | R23: 0.00681 | S23: S | T23: STPP | U23: ซุปซอง 5g. | V23: =1408-546-555 -> 307 | W23: 307 | Y23: =(W23+X23)-V23 -> 0 | Z23: =IF(Y23<0,((V23*P23)-((W23+X23)*P23)),0) -> 0 | AA23: =Q23*Z23 -> 0 | AB23: 6 | AC23: =Z23*AB23 -> 0 | AG23: =MID(O23,1,3)/1000 -> 0.75 | AH23: =(Z23*AG23)/1000 -> 0 | AI23: =V23*P23 -> 2456 | AK23: 66S03 | AL23: RES_KL3_FUR_FREEZE_RAW | AM23: =AG23*Z23 -> 0 | AN23: =B23 -> 45297 | AO23: 2 | AP23: 10/11/21 | AQ23: 12004862 | AR23: 12080753 | AT23: 12082897 | AV23: 12082898 | AW23: 12082899 | AX23: 12080741(117)
A24: R | B24: 45297 | C24: 45330 | D24: =IF(B24="","",YEAR(B24)) -> 2024 | E24: =VLOOKUP($B24,Week!$A$1:$C$1462,2,0) -> Week1 | F24: =IF(B24="","",TEXT(B24,"[$-409]mmm")) -> Jan | G24: KL2300038 | H24: China | I24: China | J24: Charoen Pokphand Import&Export Trading (Shanghai) Co., Ltd | K24: R-Wonton no egg | L24: Raw Wonton | M24: Raw Wonton 12 pcs | N24: 082I95J20012P04001 | O24: 144g*20in | P24: 20 | Q24: 12 | R24: 0.00681 | S24: S | T24: STPP | U24: ซุปซอง 5g. | V24: 957 | W24: =761 -> 761 | X24: =(3920)/20 -> 196 | Y24: =(W24+X24)-V24 -> 0 | Z24: =IF(Y24<0,((V24*P24)-((W24+X24)*P24)),0) -> 0 | AA24: =Q24*Z24 -> 0 | AB24: 2 | AC24: =Z24*AB24 -> 0 | AD24: pkเข้า5/1 | AG24: =MID(O24,1,3)/1000 -> 0.144 | AH24: =(Z24*AG24)/1000 -> 0 | AI24: =V24*P24 -> 19140 | AK24: 66S03 | AL24: RES_KL3_FUR_FREEZE_RAW | AM24: =AG24*Z24 -> 0 | AN24: =B24 -> 45297 | AO24: 2 | AQ24: 12071839 | AR24: 12019692 | AT24: 12026905 | AV24: 12027007 | AX24: 12045309(248)
B25: 45298 | D25: =IF(B25="","",YEAR(B25)) -> 2024 | E25: =VLOOKUP($B25,Week!$A$1:$C$1462,2,0) -> Week1 | F25: =IF(B25="","",TEXT(B25,"[$-409]mmm")) -> Jan | M25: เครื่องจักรเสีย | AK25: 66S03 | AM25: =AG25*Z25 -> 0 | AN25: =B25 -> 45298 | AO25: 2
A26: T | B26: 45298 | C26: 45314 | D26: =IF(B26="","",YEAR(B26)) -> 2024 | E26: =VLOOKUP($B26,Week!$A$1:$C$1462,2,0) -> Week1 | F26: =IF(B26="","",TEXT(B26,"[$-409]mmm")) -> Jan | G26: DRY2300670 | H26: Korea | I26: CPFNW | J26: Emart | K26: C-WT in tray no egg | L26: Cooked Wonton | M26: COOKED WONTON 6 pcs. | N26: 082S8EJ12012P00001 | O26: 141*2tray*12in | P26: 24 | Q26: 6 | R26: 0.0062 | S26: SS | T26: Salt | U26: Sesame 15g | V26: =2799 -> 2799 | W26: =532 -> 532 | X26: =(118+27995)/12 -> 2342.75 | Y26: =(W26+X26)-V26 -> 75.75 | Z26: =IF(Y26<0,((V26*P26)-((W26+X26)*P26)),0) -> 0 | AB26: 1 | AC26: =AB26*V26*P26 -> 67176 | AD26: NEWPACKAGE | AG26: =MID(O26,1,3)/1000 -> 0.141 | AH26: =(Z26*AG26)/1000 -> 0 | AI26: =V26*P26 -> 67176 | AK26: 66S03 | AL26: RES_KL3_FUR_FREEZE_COOK | AM26: =AG26*Z26 -> 0 | AN26: =B26 -> 45298 | AO26: 2 | AR26: 12080450 | AT26: 12083198 | AV26: 12080491 | AX26: ซอง 12080447/ม้วน
B27: 45299 | C27: 45303 | D27: =IF(B27="","",YEAR(B27)) -> 2024 | E27: =VLOOKUP($B27,Week!$A$1:$C$1462,2,0) -> Week2 | F27: =IF(B27="","",TEXT(B27,"[$-409]mmm")) -> Jan | G27: DRY2300600 | H27: USA | I27: CPFNW | J27: Bellisio Foods, Inc. | K27: Wonton ND+V | L27: Cooked Wonton | M27: Cooked Wonton ND No Egg with Pumpkin + Yu Choy Low sodium | N27: 082SJBW36005P00001 | O27: 308g*6c*6in | P27: 36 | Q27: 5 | R27: 0.0075 | S27: HC | T27: Salt | U27: Y3 | V27: =792-661 -> 131 | W27: =792-661 -> 131 | Y27: =(W27+X27)-V27 -> 0 | Z27: =IF(Y27<0,((V27*P27)-((W27+X27)*P27)),0) -> 0 | AG27: =MID(O27,1,3)/1000 -> 0.308 | AH27: =(Z27*AG27)/1000 -> 0 | AI27: =V27*P27 -> 4716 | AK27: 66S03 | AL27: RES_KL3_FUR_FREEZE_COOK | AM27: =AG27*Z27 -> 0 | AN27: =B27 -> 45299 | AO27: 2 | AQ27: 12063755 | AR27: 12061353 | AS27: 12061354 | AT27: 12068566 | AV27: 12068564 | AW27: 12062153 | AY27: 12068565
B28: 45299 | C28: 45303 | D28: =IF(B28="","",YEAR(B28)) -> 2024 | E28: =VLOOKUP($B28,Week!$A$1:$C$1462,2,0) -> Week2 | F28: =IF(B28="","",TEXT(B28,"[$-409]mmm")) -> Jan | G28: DRY2300594 | H28: USA | I28: CPFNW | J28: Bellisio Foods, Inc. | K28: Wonton ND+V | L28: Cooked Wonton | M28: Cooked Wonton ND No Egg with Pumpkin + Yu Choy Low sodium | N28: 082SJBW36005P00001 | O28: 308g*6c*6in | P28: 36 | Q28: 5 | R28: 0.0075 | S28: HC | T28: Salt | U28: Y3 | V28: 792 | W28: 792 | Y28: =(W28+X28)-V28 -> 0 | Z28: =IF(Y28<0,((V28*P28)-((W28+X28)*P28)),0) -> 0 | AG28: =MID(O28,1,3)/1000 -> 0.308 | AH28: =(Z28*AG28)/1000 -> 0 | AI28: =V28*P28 -> 28512 | AK28: 66S03 | AL28: RES_KL3_FUR_FREEZE_COOK | AM28: =AG28*Z28 -> 0 | AN28: =B28 -> 45299 | AO28: 2 | AQ28: 12063755 | AR28: 12061353 | AS28: 12061354 | AT28: 12068566 | AV28: 12068564 | AW28: 12062153 | AY28: 12068565
B29: 45299 | C29: 45303 | D29: =IF(B29="","",YEAR(B29)) -> 2024 | E29: =VLOOKUP($B29,Week!$A$1:$C$1462,2,0) -> Week2 | F29: =IF(B29="","",TEXT(B29,"[$-409]mmm")) -> Jan | G29: DRY2300595 | H29: USA | I29: CPFNW | J29: Bellisio Foods, Inc. | K29: Wonton ND+V | L29: Cooked Wonton | M29: Cooked Wonton ND No Egg with Pumpkin + Yu Choy Low sodium | N29: 082SJBW36005P00001 | O29: 308g*6c*6in | P29: 36 | Q29: 5 | R29: 0.0075 | S29: HC | T29: Salt | U29: Y3 | V29: 792 | W29: 792 | Y29: =(W29+X29)-V29 -> 0 | Z29: =IF(Y29<0,((V29*P29)-((W29+X29)*P29)),0) -> 0 | AG29: =MID(O29,1,3)/1000 -> 0.308 | AH29: =(Z29*AG29)/1000 -> 0 | AI29: =V29*P29 -> 28512 | AK29: 66S03 | AL29: RES_KL3_FUR_FREEZE_COOK | AM29: =AG29*Z29 -> 0 | AN29: =B29 -> 45299 | AO29: 2 | AQ29: 12063755 | AR29: 12061353 | AS29: 12061354 | AT29: 12068566 | AV29: 12068564 | AW29: 12062153 | AY29: 12068565
B30: 45299 | C30: 45317 | D30: =IF(B30="","",YEAR(B30)) -> 2024 | E30: =VLOOKUP($B30,Week!$A$1:$C$1462,2,0) -> Week2 | F30: =IF(B30="","",TEXT(B30,"[$-409]mmm")) -> Jan | G30: DRY2300596 | H30: USA | I30: CPFNW | J30: Bellisio Foods, Inc. | K30: Wonton ND+V | L30: Cooked Wonton | M30: Cooked Wonton ND No Egg with Pumpkin + Yu Choy Low sodium | N30: 082SJBW36005P00001 | O30: 308g*6c*6in | P30: 36 | Q30: 5 | R30: 0.0075 | S30: HC | T30: Salt | U30: Y3 | V30: 615 | W30: =2330-131-792-792 -> 615 | Y30: =(W30+X30)-V30 -> 0 | Z30: =IF(Y30<0,((V30*P30)-((W30+X30)*P30)),0) -> 0 | AG30: =MID(O30,1,3)/1000 -> 0.308 | AH30: =(Z30*AG30)/1000 -> 0 | AI30: =V30*P30 -> 22140 | AK30: 66S03 | AL30: RES_KL3_FUR_FREEZE_COOK | AM30: =AG30*Z30 -> 0 | AN30: =B30 -> 45299 | AO30: 2 | AQ30: 12063755 | AR30: 12061353 | AS30: 12061354 | AT30: 12068566 | AV30: 12068564 | AW30: 12062153 | AY30: 12068565
A31: ชดเชยของกัก | B31: 45299 | C31: 45303 | D31: =IF(B31="","",YEAR(B31)) -> 2024 | E31: =VLOOKUP($B31,Week!$A$1:$C$1462,2,0) -> Week2 | F31: =IF(B31="","",TEXT(B31,"[$-409]mmm")) -> Jan | G31: DRY2300614 | H31: AUS | I31: CPFNW | J31: CPF Australia Pty Ltd. | K31: Wonton ND+V | L31: Cooked Wonton | M31: Cooked Wonton ND No Egg with Pumpkin + Yu Choy | N31: 082SJ9U36005P00001 | O31: 308g*6c*6in | P31: 36 | Q31: 5 | R31: 0.0075 | S31: HC | T31: Salt | U31: Regular | V31: 792 | W31: 792 | Y31: =(W31+X31)-V31 -> 0 | Z31: =IF(Y31<0,((V31*P31)-((W31+X31)*P31)),0) -> 0 | AG31: =MID(O31,1,3)/1000 -> 0.308 | AH31: =(Z31*AG31)/1000 -> 0 | AI31: =V31*P31 -> 28512 | AK31: 66S03 | AL31: RES_KL3_FUR_FREEZE_COOK | AM31: =AG31*Z31 -> 0 | AN31: =B31 -> 45299 | AO31: 2 | AP31: 4/1/22 | AQ31: 12063755 | AR31: 12061353 | AS31: 12061354 | AT31: 12062266 | AV31: 12062261 | AW31: 12062153 | AY31: 12062262
A32: ชดเชยของกัก | B32: 45299 | C32: 45309 | D32: =IF(B32="","",YEAR(B32)) -> 2024 | E32: =VLOOKUP($B32,Week!$A$1:$C$1462,2,0) -> Week2 | F32: =IF(B32="","",TEXT(B32,"[$-409]mmm")) -> Jan | G32: DRY2300615 | H32: AUS | I32: CPFNW | J32: CPF Australia Pty Ltd. | K32: Wonton ND+V | L32: Cooked Wonton | M32: Cooked Wonton ND No Egg with Pumpkin + Yu Choy | N32: 082SJ9U36005P00001 | O32: 308g*6c*6in | P32: 36 | Q32: 5 | R32: 0.0075 | S32: HC | T32: Salt | U32: Regular | V32: 792 | W32: =1086-792 -> 294 | X32: =(17928)/36 -> 498 | Y32: =(W32+X32)-V32 -> 0 | Z32: =IF(Y32<0,((V32*P32)-((W32+X32)*P32)),0) -> 0 | AG32: =MID(O32,1,3)/1000 -> 0.308 | AH32: =(Z32*AG32)/1000 -> 0 | AI32: =V32*P32 -> 28512 | AK32: 66S03 | AL32: RES_KL3_FUR_FREEZE_COOK | AM32: =AG32*Z32 -> 0 | AN32: =B32 -> 45299 | AO32: 2 | AP32: 4/1/22 | AQ32: 12063755 | AR32: 12061353 | AS32: 12061354 | AT32: 12062266 | AV32: 12062261 | AW32: 12062153 | AY32: 12062262
A33: R | B33: 45299 | C33: 45330 | D33: =IF(B33="","",YEAR(B33)) -> 2024 | E33: =VLOOKUP($B33,Week!$A$1:$C$1462,2,0) -> Week2 | F33: =IF(B33="","",TEXT(B33,"[$-409]mmm")) -> Jan | G33: KL2300038 | H33: China | I33: China | J33: Charoen Pokphand Import&Export Trading (Shanghai) Co., Ltd | K33: R-Wonton no egg | L33: Raw Wonton | M33: Raw Wonton 12 pcs | N33: 082I95J20012P04001 | O33: 144g*20in | P33: 20 | Q33: 12 | R33: 0.00681 | S33: S | T33: STPP | U33: ซุปซอง 5g. | V33: 1282 | W33: =1282 -> 1282 | Y33: =(W33+X33)-V33 -> 0 | Z33: =IF(Y33<0,((V33*P33)-((W33+X33)*P33)),0) -> 0 | AA33: =Q33*Z33 -> 0 | AB33: 2 | AC33: =Z33*AB33 -> 0 | AG33: =MID(O33,1,3)/1000 -> 0.144 | AH33: =(Z33*AG33)/1000 -> 0 | AI33: =V33*P33 -> 25640 | AK33: 66S03 | AL33: RES_KL3_FUR_FREEZE_RAW | AM33: =AG33*Z33 -> 0 | AN33: =B33 -> 45299 | AO33: 2 | AQ33: 12071839 | AR33: 12019692 | AT33: 12026905 | AV33: 12027007 | AX33: 12045309(248)
B34: 45300 | C34: 45324 | D34: =IF(B34="","",YEAR(B34)) -> 2024 | E34: =VLOOKUP($B34,Week!$A$1:$C$1462,2,0) -> Week2 | F34: =IF(B34="","",TEXT(B34,"[$-409]mmm")) -> Jan | G34: DRY2300678 | H34: USA | I34: CPFNW | J34: Bellisio Foods, Inc. | K34: Minced WT | L34: Cooked Wonton | M34: Cooked Minced Wonton No Egg | N34: 082SKBW08005P00001 | O34: 145g*8 | P34: 8 | Q34: 5 | R34: 0.006 | S34: BK | T34: Salt | U34: Regular | V34: =1400 -> 1400 | X34: =(1607+9593)/8 -> 1400 | Y34: =(W34+X34)-V34 -> 0 | Z34: =IF(Y34<0,((V34*P34)-((W34+X34)*P34)),0) -> 0 | AG34: =MID(O34,1,3)/1000 -> 0.145 | AH34: 0.26622 | AI34: =V34*P34 -> 11200 | AK34: 66S03 | AL34: RES_KL3_FUR_FREEZE_COOK | AM34: =AG34*Z34 -> 0 | AN34: =B34 -> 45300 | AO34: 2 | AP34: 8/12/21 | AQ34: 12071839 | AR34: 12047514 | AS34: 12047515 | AT34: 12083107 | AV34: 12084002
B35: 45300 | C35: 45335 | D35: =IF(B35="","",YEAR(B35)) -> 2024 | E35: =VLOOKUP($B35,Week!$A$1:$C$1462,2,0) -> Week2 | F35: =IF(B35="","",TEXT(B35,"[$-409]mmm")) -> Jan | G35: DRY2300725 | H35: USA | I35: CPFNW | J35: Bellisio Foods, Inc. | K35: Minced WT | L35: Cooked Wonton | M35: Cooked Minced Wonton No Egg | N35: 082SKBW08005P00001 | O35: 145g*8 | P35: 8 | Q35: 5 | R35: 0.006 | S35: BK | T35: Salt | U35: Regular | V35: =1400 -> 1400 | X35: =(11200)/8 -> 1400 | Y35: =(W35+X35)-V35 -> 0 | Z35: =IF(Y35<0,((V35*P35)-((W35+X35)*P35)),0) -> 0 | AG35: =MID(O35,1,3)/1000 -> 0.145 | AH35: 0.26622 | AI35: =V35*P35 -> 11200 | AK35: 66S03 | AL35: RES_KL3_FUR_FREEZE_COOK | AM35: =AG35*Z35 -> 0 | AN35: =B35 -> 45300 | AO35: 2 | AP35: 8/12/21 | AQ35: 12071839 | AR35: 12047514 | AS35: 12047515 | AT35: 12083107 | AV35: 12084002
B36: 45300 | C36: 45342 | D36: =IF(B36="","",YEAR(B36)) -> 2024 | E36: =VLOOKUP($B36,Week!$A$1:$C$1462,2,0) -> Week2 | F36: =IF(B36="","",TEXT(B36,"[$-409]mmm")) -> Jan | G36: DRY2300726 | H36: USA | I36: CPFNW | J36: Bellisio Foods, Inc. | K36: Minced WT | L36: Cooked Wonton | M36: Cooked Minced Wonton No Egg | N36: 082SKBW08005P00001 | O36: 145g*8 | P36: 8 | Q36: 5 | R36: 0.006 | S36: BK | T36: Salt | U36: Regular | V36: =700 -> 700 | X36: =(5600)/8 -> 700 | Y36: =(W36+X36)-V36 -> 0 | Z36: =IF(Y36<0,((V36*P36)-((W36+X36)*P36)),0) -> 0 | AG36: =MID(O36,1,3)/1000 -> 0.145 | AH36: 0.26622 | AI36: =V36*P36 -> 5600 | AK36: 66S03 | AL36: RES_KL3_FUR_FREEZE_COOK | AM36: =AG36*Z36 -> 0 | AN36: =B36 -> 45300 | AO36: 2 | AP36: 8/12/21 | AQ36: 12071839 | AR36: 12047514 | AS36: 12047515 | AT36: 12083107 | AV36: 12084002
B37: 45300 | C37: 45317 | D37: =IF(B37="","",YEAR(B37)) -> 2024 | E37: =VLOOKUP($B37,Week!$A$1:$C$1462,2,0) -> Week2 | F37: =IF(B37="","",TEXT(B37,"[$-409]mmm")) -> Jan | G37: DRY2300596 | H37: USA | I37: CPFNW | J37: Bellisio Foods, Inc. | K37: Wonton ND+V | L37: Cooked Wonton | M37: Cooked Wonton ND No Egg with Pumpkin + Yu Choy Low sodium | N37: 082SJBW36005P00001 | O37: 308g*6c*6in | P37: 36 | Q37: 5 | R37: 0.0075 | S37: HC | T37: Salt | U37: Y3 | V37: =792-615 -> 177 | W37: 177 | Y37: =(W37+X37)-V37 -> 0 | Z37: =IF(Y37<0,((V37*P37)-((W37+X37)*P37)),0) -> 0 | AG37: =MID(O37,1,3)/1000 -> 0.308 | AH37: =(Z37*AG37)/1000 -> 0 | AI37: =V37*P37 -> 6372 | AK37: 66S03 | AL37: RES_KL3_FUR_FREEZE_COOK | AM37: =AG37*Z37 -> 0 | AN37: =B37 -> 45300 | AO37: 2 | AQ37: 12063755 | AR37: 12061353 | AS37: 12061354 | AT37: 12068566 | AV37: 12068564 | AW37: 12062153 | AY37: 12068565
B38: 45300 | C38: 45317 | D38: =IF(B38="","",YEAR(B38)) -> 2024 | E38: =VLOOKUP($B38,Week!$A$1:$C$1462,2,0) -> Week2 | F38: =IF(B38="","",TEXT(B38,"[$-409]mmm")) -> Jan | G38: DRY2300607 | H38: USA | I38: CPFNW | J38: Bellisio Foods, Inc. | K38: Wonton ND+V | L38: Cooked Wonton | M38: Cooked Wonton ND No Egg with Pumpkin + Yu Choy Low sodium | N38: 082SJBW36005P00001 | O38: 308g*6c*6in | P38: 36 | Q38: 5 | R38: 0.0075 | S38: HC | T38: Salt | U38: Y3 | V38: 792 | W38: 792 | Y38: =(W38+X38)-V38 -> 0 | Z38: =IF(Y38<0,((V38*P38)-((W38+X38)*P38)),0) -> 0 | AG38: =MID(O38,1,3)/1000 -> 0.308 | AH38: =(Z38*AG38)/1000 -> 0 | AI38: =V38*P38 -> 28512 | AK38: 66S03 | AL38: RES_KL3_FUR_FREEZE_COOK | AM38: =AG38*Z38 -> 0 | AN38: =B38 -> 45300 | AO38: 2 | AQ38: 12063755 | AR38: 12061353 | AS38: 12061354 | AT38: 12068566 | AV38: 12068564 | AW38: 12062153 | AY38: 12068565
B39: 45300 | C39: 45317 | D39: =IF(B39="","",YEAR(B39)) -> 2024 | E39: =VLOOKUP($B39,Week!$A$1:$C$1462,2,0) -> Week2 | F39: =IF(B39="","",TEXT(B39,"[$-409]mmm")) -> Jan | G39: DRY2300601 | H39: USA | I39: CPFNW | J39: Bellisio Foods, Inc. | K39: Wonton ND+V | L39: Cooked Wonton | M39: Cooked Wonton ND No Egg with Pumpkin + Yu Choy Low sodium | N39: 082SJBW36005P00001 | O39: 308g*6c*6in | P39: 36 | Q39: 5 | R39: 0.0075 | S39: HC | T39: Salt | U39: Y3 | V39: 792 | W39: 792 | Y39: =(W39+X39)-V39 -> 0 | Z39: =IF(Y39<0,((V39*P39)-((W39+X39)*P39)),0) -> 0 | AG39: =MID(O39,1,3)/1000 -> 0.308 | AH39: =(Z39*AG39)/1000 -> 0 | AI39: =V39*P39 -> 28512 | AK39: 66S03 | AL39: RES_KL3_FUR_FREEZE_COOK | AM39: =AG39*Z39 -> 0 | AN39: =B39 -> 45300 | AO39: 2 | AQ39: 12063755 | AR39: 12061353 | AS39: 12061354 | AT39: 12068566 | AV39: 12068564 | AW39: 12062153 | AY39: 12068565
B40: 45300 | C40: 45317 | D40: =IF(B40="","",YEAR(B40)) -> 2024 | E40: =VLOOKUP($B40,Week!$A$1:$C$1462,2,0) -> Week2 | F40: =IF(B40="","",TEXT(B40,"[$-409]mmm")) -> Jan | G40: DRY2300602 | H40: USA | I40: CPFNW | J40: Bellisio Foods, Inc. | K40: Wonton ND+V | L40: Cooked Wonton | M40: Cooked Wonton ND No Egg with Pumpkin + Yu Choy Low sodium | N40: 082SJBW36005P00001 | O40: 308g*6c*6in | P40: 36 | Q40: 5 | R40: 0.0075 | S40: HC | T40: Salt | U40: Y3 | V40: 792 | W40: 792 | Y40: =(W40+X40)-V40 -> 0 | Z40: =IF(Y40<0,((V40*P40)-((W40+X40)*P40)),0) -> 0 | AG40: =MID(O40,1,3)/1000 -> 0.308 | AH40: =(Z40*AG40)/1000 -> 0 | AI40: =V40*P40 -> 28512 | AK40: 66S03 | AL40: RES_KL3_FUR_FREEZE_COOK | AM40: =AG40*Z40 -> 0 | AN40: =B40 -> 45300 | AO40: 2 | AQ40: 12063755 | AR40: 12061353 | AS40: 12061354 | AT40: 12068566 | AV40: 12068564 | AW40: 12062153 | AY40: 12068565
B41: 45300 | C41: 45317 | D41: =IF(B41="","",YEAR(B41)) -> 2024 | E41: =VLOOKUP($B41,Week!$A$1:$C$1462,2,0) -> Week2 | F41: =IF(B41="","",TEXT(B41,"[$-409]mmm")) -> Jan | G41: DRY2300603 | H41: USA | I41: CPFNW | J41: Bellisio Foods, Inc. | K41: Wonton ND+V | L41: Cooked Wonton | M41: Cooked Wonton ND No Egg with Pumpkin + Yu Choy Low sodium | N41: 082SJBW36005P00001 | O41: 308g*6c*6in | P41: 36 | Q41: 5 | R41: 0.0075 | S41: HC | T41: Salt | U41: Y3 | V41: 623 | W41: =2594+19-177-792-792-792 -> 60 | X41: =(20268)/36 -> 563 | Y41: =(W41+X41)-V41 -> 0 | Z41: =IF(Y41<0,((V41*P41)-((W41+X41)*P41)),0) -> 0 | AG41: =MID(O41,1,3)/1000 -> 0.308 | AH41: =(Z41*AG41)/1000 -> 0 | AI41: =V41*P41 -> 22428 | AK41: 66S03 | AL41: RES_KL3_FUR_FREEZE_COOK | AM41: =AG41*Z41 -> 0 | AN41: =B41 -> 45300 | AO41: 2 | AQ41: 12063755 | AR41: 12061353 | AS41: 12061354 | AT41: 12068566 | AV41: 12068564 | AW41: 12062153 | AY41: 12068565
A42: R | B42: 45300 | C42: 45330 | D42: =IF(B42="","",YEAR(B42)) -> 2024 | E42: =VLOOKUP($B42,Week!$A$1:$C$1462,2,0) -> Week2 | F42: =IF(B42="","",TEXT(B42,"[$-409]mmm")) -> Jan | G42: KL2300038 | H42: China | I42: China | J42: Charoen Pokphand Import&Export Trading (Shanghai) Co., Ltd | K42: R-Wonton no egg | L42: Raw Wonton | M42: Raw Wonton 12 pcs | N42: 082I95J20012P04001 | O42: 144g*20in | P42: 20 | Q42: 12 | R42: 0.00681 | S42: S | T42: STPP | U42: ซุปซอง 5g. | V42: =2470-957-1282 -> 231 | W42: =46+185 -> 231 | Y42: =(W42+X42)-V42 -> 0 | Z42: =IF(Y42<0,((V42*P42)-((W42+X42)*P42)),0) -> 0 | AA42: =Q42*Z42 -> 0 | AB42: 2 | AC42: =Z42*AB42 -> 0 | AG42: =MID(O42,1,3)/1000 -> 0.144 | AH42: =(Z42*AG42)/1000 -> 0 | AI42: =V42*P42 -> 4620 | AK42: 66S03 | AL42: RES_KL3_FUR_FREEZE_RAW | AM42: =AG42*Z42 -> 0 | AN42: =B42 -> 45300 | AO42: 2 | AQ42: 12071839 | AR42: 12019692 | AT42: 12026905 | AV42: 12027007 | AX42: 12045309(248)
A43: R | B43: 45300 | C43: 45330 | D43: =IF(B43="","",YEAR(B43)) -> 2024 | E43: =VLOOKUP($B43,Week!$A$1:$C$1462,2,0) -> Week2 | F43: =IF(B43="","",TEXT(B43,"[$-409]mmm")) -> Jan | G43: KL2300038 | H43: China | I43: China | J43: Charoen Pokphand Import&Export Trading (Shanghai) Co., Ltd | K43: R-Wonton no egg | L43: Raw Wonton | M43: Raw Wonton 50 pcs | N43: 082I95J08050P03001 | O43: 630g*8in | P43: 8 | Q43: 50 | R43: 0.00681 | S43: S | T43: STPP | U43: ซุปซอง 5g. | V43: 600 | W43: =5+595 -> 600 | Y43: =(W43+X43)-V43 -> 0 | Z43: =IF(Y43<0,((V43*P43)-((W43+X43)*P43)),0) -> 0 | AA43: =Q43*Z43 -> 0 | AB43: 6 | AC43: =Z43*AB43 -> 0 | AG43: =MID(O43,1,3)/1000 -> 0.63 | AH43: =(Z43*AG43)/1000 -> 0 | AI43: =V43*P43 -> 4800 | AK43: 66S03 | AL43: RES_KL3_FUR_FREEZE_RAW | AM43: =AG43*Z43 -> 0 | AN43: =B43 -> 45300 | AO43: 2 | AQ43: 12004862 | AR43: 12055234 | AT43: 12056345 | AV43: 12056200 | AX43: 12036656(135)
B44: 45301 | C44: 45324 | D44: =IF(B44="","",YEAR(B44)) -> 2024 | E44: =VLOOKUP($B44,Week!$A$1:$C$1462,2,0) -> Week2 | F44: =IF(B44="","",TEXT(B44,"[$-409]mmm")) -> Jan | G44: DRY2300678 | H44: USA | I44: CPFNW | J44: Bellisio Foods, Inc. | K44: Minced ND | L44: Cooked Wonton | M44: Cooked Minced Wonton Noodle No Egg | N44: 082SRBW08005P00001 | O44: 258g*8 | P44: 8 | Q44: 5 | R44: 0.006 | S44: BK | T44: Salt | U44: Regular | V44: 1900 | X44: =(562+14638)/8 -> 1900 | Y44: =(W44+X44)-V44 -> 0 | Z44: =IF(Y44<0,((V44*P44)-((W44+X44)*P44)),0) -> 0 | AG44: =MID(O44,1,3)/1000 -> 0.258 | AH44: 0.26622 | AI44: =V44*P44 -> 15200 | AK44: 66S03 | AL44: RES_KL3_FUR_FREEZE_COOK | AM44: =AG44*Z44 -> 0 | AN44: =B44 -> 45301 | AO44: 2 | AQ44: 12071839 | AR44: 12042650 | AS44: 12042649 | AT44: 12084100 | AV44: 12084001
B45: 45301 | C45: 45324 | D45: =IF(B45="","",YEAR(B45)) -> 2024 | E45: =VLOOKUP($B45,Week!$A$1:$C$1462,2,0) -> Week2 | F45: =IF(B45="","",TEXT(B45,"[$-409]mmm")) -> Jan | G45: DRY2300679 | H45: USA | I45: CPFNW | J45: Bellisio Foods, Inc. | K45: Minced ND | L45: Cooked Wonton | M45: Cooked Minced Wonton Noodle No Egg | N45: 082SRBW08005P00001 | O45: 258g*8 | P45: 8 | Q45: 5 | R45: 0.006 | S45: BK | T45: Salt | U45: Regular | V45: 2400 | X45: =(19200)/8 -> 2400 | Y45: =(W45+X45)-V45 -> 0 | Z45: =IF(Y45<0,((V45*P45)-((W45+X45)*P45)),0) -> 0 | AG45: =MID(O45,1,3)/1000 -> 0.258 | AH45: 0.26622 | AI45: =V45*P45 -> 19200 | AK45: 66S03 | AL45: RES_KL3_FUR_FREEZE_COOK | AM45: =AG45*Z45 -> 0 | AN45: =B45 -> 45301 | AO45: 2 | AQ45: 12071839 | AR45: 12042650 | AS45: 12042649 | AT45: 12084100 | AV45: 12084001
B46: 45301 | C46: 45335 | D46: =IF(B46="","",YEAR(B46)) -> 2024 | E46: =VLOOKUP($B46,Week!$A$1:$C$1462,2,0) -> Week2 | F46: =IF(B46="","",TEXT(B46,"[$-409]mmm")) -> Jan | G46: DRY2300725 | H46: USA | I46: CPFNW | J46: Bellisio Foods, Inc. | K46: Minced ND | L46: Cooked Wonton | M46: Cooked Minced Wonton Noodle No Egg | N46: 082SRBW08005P00001 | O46: 258g*8 | P46: 8 | Q46: 5 | R46: 0.006 | S46: BK | T46: Salt | U46: Regular | V46: =1900-29 -> 1871 | X46: =(14971)/8 -> 1871.375 | Y46: =(W46+X46)-V46 -> 0.375 | Z46: =IF(Y46<0,((V46*P46)-((W46+X46)*P46)),0) -> 0 | AG46: =MID(O46,1,3)/1000 -> 0.258 | AH46: 0.26622 | AI46: =V46*P46 -> 14968 | AK46: 66S03 | AL46: RES_KL3_FUR_FREEZE_COOK | AM46: =AG46*Z46 -> 0 | AN46: =B46 -> 45301 | AO46: 2 | AQ46: 12071839 | AR46: 12042650 | AS46: 12042649 | AT46: 12084100 | AV46: 12084001
B47: 45301 | C47: 45309 | D47: =IF(B47="","",YEAR(B47)) -> 2024 | E47: =VLOOKUP($B47,Week!$A$1:$C$1462,2,0) -> Week2 | F47: =IF(B47="","",TEXT(B47,"[$-409]mmm")) -> Jan | G47: DRY2300616 | H47: AUS | I47: CPFNW | J47: CPF Australia Pty Ltd. | K47: Wonton ND+V | L47: Cooked Wonton | M47: Cooked Wonton ND No Egg with Pumpkin + Yu Choy | N47: 082SJ9U36005P00001 | O47: 308g*6c*6in | P47: 36 | Q47: 5 | R47: 0.0075 | S47: HC | T47: Salt | U47: Regular | V47: 792 | W47: =28+764 -> 792 | Y47: =(W47+X47)-V47 -> 0 | Z47: =IF(Y47<0,((V47*P47)-((W47+X47)*P47)),0) -> 0 | AG47: =MID(O47,1,3)/1000 -> 0.308 | AH47: =(Z47*AG47)/1000 -> 0 | AI47: =V47*P47 -> 28512 | AK47: 66S03 | AL47: RES_KL3_FUR_FREEZE_COOK | AM47: =AG47*Z47 -> 0 | AN47: =B47 -> 45301 | AO47: 2 | AP47: 4/1/22 | AQ47: 12063755 | AR47: 12061353 | AS47: 12061354 | AT47: 12062266 | AV47: 12062261 | AW47: 12062153 | AY47: 12062262
B48: 45301 | C48: 45310 | D48: =IF(B48="","",YEAR(B48)) -> 2024 | E48: =VLOOKUP($B48,Week!$A$1:$C$1462,2,0) -> Week2 | F48: =IF(B48="","",TEXT(B48,"[$-409]mmm")) -> Jan | G48: DRY2300688 | H48: Spain | I48: CPFNW | J48: Mercadona | K48: Wonton ND+V | L48: Cooked Wonton | M48: Cooked Wonton ND No Egg with Pumpkin + Vegetable HC 3 pcs | N48: 082SJ5T12003P00001 | O48: 309g*12 | P48: 12 | Q48: 3 | R48: 0.0075 | S48: HC | T48: Salt | U48: Regular | V48: 2520 | W48: 2520 | Y48: =(W48+X48)-V48 -> 0 | Z48: =IF(Y48<0,((V48*P48)-((W48+X48)*P48)),0) -> 0 | AD48: รวบการผลิตให้เป็นวันเดียวกันตามความต้องการของลูกค้า | AG48: =MID(O48,1,3)/1000 -> 0.309 | AH48: =(Z48*AG48)/1000 -> 0 | AI48: =V48*P48 -> 30240 | AK48: 66S03 | AL48: RES_KL3_FUR_FREEZE_COOK | AM48: =AG48*Z48 -> 0 | AN48: =B48 -> 45301 | AO48: 2 | AQ48: 12063755 | AR48: 12081257 | AS48: 12081260 | AV48: 12073316 | AY48: 12073342 | AZ48: 12073344 | BA48: 12073343
A49: R | B49: 45301 | C49: 45307 | D49: =IF(B49="","",YEAR(B49)) -> 2024 | E49: =VLOOKUP($B49,Week!$A$1:$C$1462,2,0) -> Week2 | F49: =IF(B49="","",TEXT(B49,"[$-409]mmm")) -> Jan | G49: DRY2300575 | H49: Korea | I49: CPFNW | J49: Consumer Package Commerce | K49: R-Wonton egg past | L49: Raw Wonton | M49: Raw Wonton 12 pcs | N49: 082I93U40012P01001 | O49: 154g*40in | P49: 40 | Q49: 12 | R49: 0.00681 | S49: S | T49: STPP | U49: ซุปซอง 5g. | V49: 694 | W49: =638 -> 638 | X49: =(2240)/40 -> 56 | Y49: =(W49+X49)-V49 -> 0 | Z49: =IF(Y49<0,((V49*P49)-((W49+X49)*P49)),0) -> 0 | AA49: =Q49*Z49 -> 0 | AB49: 2 | AC49: =Z49*AB49 -> 0 | AG49: =MID(O49,1,3)/1000 -> 0.154 | AH49: =(Z49*AG49)/1000 -> 0 | AI49: =V49*P49 -> 27760 | AK49: 66S03 | AL49: RES_KL3_FUR_FREEZE_RAW | AM49: =AG49*Z49 -> 0 | AN49: =B49 -> 45301 | AO49: 2 | AP49: 23/11/21 | AQ49: 12028328 | AR49: 12019692 | AT49: 12065371 | AV49: 12055895 | AW49: 12034747 | AX49: 12045309(248) | AY49: ปลอกสวม 12040669
B50: 45302 | C50: 45317 | D50: =IF(B50="","",YEAR(B50)) -> 2024 | E50: =VLOOKUP($B50,Week!$A$1:$C$1462,2,0) -> Week2 | F50: =IF(B50="","",TEXT(B50,"[$-409]mmm")) -> Jan | G50: DRY2300686 | H50: CAN | I50: CPFNW | J50: Bellisio Foods Canada | K50: Minced ND | L50: Cooked Wonton | M50: Cooked Minced Wonton Noodle (Enriched wonton sheet&noodles) | N50: 082SR5312005P00001 | O50: 258g*12 | P50: 12 | Q50: 5 | R50: 0.006 | S50: BK | T50: Salt | U50: Regular | V50: 2600 | X50: =(550+30650)/12 -> 2600 | Y50: =(W50+X50)-V50 -> 0 | Z50: =IF(Y50<0,((V50*P50)-((W50+X50)*P50)),0) -> 0 | AD50: NEWPACKAGE | AG50: =MID(O50,1,3)/1000 -> 0.258 | AH50: =(Z50*AG50)/1000 -> 0 | AI50: =V50*P50 -> 31200 | AK50: 66S03 | AL50: RES_KL3_FUR_FREEZE_COOK | AM50: =AG50*Z50 -> 0 | AN50: =B50 -> 45302 | AO50: 2 | AP50: 13/12/21 | AQ50: 12071839 | AR50: 12042650 | AS50: 12042649 | AT50: 12060840 | AV50: 12060849
B51: 45302 | C51: 45310 | D51: =IF(B51="","",YEAR(B51)) -> 2024 | E51: =VLOOKUP($B51,Week!$A$1:$C$1462,2,0) -> Week2 | F51: =IF(B51="","",TEXT(B51,"[$-409]mmm")) -> Jan | G51: DRY2300689 | H51: Spain | I51: CPFNW | J51: Mercadona | K51: Wonton ND+V | L51: Cooked Wonton | M51: Cooked Wonton ND No Egg with Pumpkin + Vegetable HC 3 pcs | N51: 082SJ5T12003P00001 | O51: 309g*12 | P51: 12 | Q51: 3 | R51: 0.0075 | S51: HC | T51: Salt | U51: Regular | V51: 2520 | W51: 2520 | Y51: =(W51+X51)-V51 -> 0 | Z51: =IF(Y51<0,((V51*P51)-((W51+X51)*P51)),0) -> 0 | AD51: รวบการผลิตให้เป็นวันเดียวกันตามความต้องการของลูกค้า | AG51: =MID(O51,1,3)/1000 -> 0.309 | AH51: =(Z51*AG51)/1000 -> 0 | AI51: =V51*P51 -> 30240 | AK51: 66S03 | AL51: RES_KL3_FUR_FREEZE_COOK | AM51: =AG51*Z51 -> 0 | AN51: =B51 -> 45302 | AO51: 2 | AQ51: 12063755 | AR51: 12081257 | AS51: 12081260 | AV51: 12073316 | AY51: 12073342 | AZ51: 12073344 | BA51: 12073343
B52: 45302 | C52: 45317 | D52: =IF(B52="","",YEAR(B52)) -> 2024 | E52: =VLOOKUP($B52,Week!$A$1:$C$1462,2,0) -> Week2 | F52: =IF(B52="","",TEXT(B52,"[$-409]mmm")) -> Jan | G52: DRY2300603 | H52: USA | I52: CPFNW | J52: Bellisio Foods, Inc. | K52: Wonton ND+V | L52: Cooked Wonton | M52: Cooked Wonton ND No Egg with Pumpkin + Yu Choy Low sodium | N52: 082SJBW36005P00001 | O52: 308g*6c*6in | P52: 36 | Q52: 5 | R52: 0.0075 | S52: HC | T52: Salt | U52: Y3 | V52: =792-623 -> 169 | W52: =792-623 -> 169 | Y52: =(W52+X52)-V52 -> 0 | Z52: =IF(Y52<0,((V52*P52)-((W52+X52)*P52)),0) -> 0 | AG52: =MID(O52,1,3)/1000 -> 0.308 | AH52: =(Z52*AG52)/1000 -> 0 | AI52: =V52*P52 -> 6084 | AK52: 66S03 | AL52: RES_KL3_FUR_FREEZE_COOK | AM52: =AG52*Z52 -> 0 | AN52: =B52 -> 45302 | AO52: 2 | AQ52: 12063755 | AR52: 12061353 | AS52: 12061354 | AT52: 12068566 | AV52: 12068564 | AW52: 12062153 | AY52: 12068565
B53: 45302 | C53: 45320 | D53: =IF(B53="","",YEAR(B53)) -> 2024 | E53: =VLOOKUP($B53,Week!$A$1:$C$1462,2,0) -> Week2 | F53: =IF(B53="","",TEXT(B53,"[$-409]mmm")) -> Jan | G53: DRY2300604 | H53: USA | I53: CPFNW | J53: Bellisio Foods, Inc. | K53: Wonton ND+V | L53: Cooked Wonton | M53: Cooked Wonton ND No Egg with Pumpkin + Yu Choy Low sodium | N53: 082SJBW36005P00001 | O53: 308g*6c*6in | P53: 36 | Q53: 5 | R53: 0.0075 | S53: HC | T53: Salt | U53: Y3 | V53: 792 | W53: 792 | Y53: =(W53+X53)-V53 -> 0 | Z53: =IF(Y53<0,((V53*P53)-((W53+X53)*P53)),0) -> 0 | AG53: =MID(O53,1,3)/1000 -> 0.308 | AH53: =(Z53*AG53)/1000 -> 0 | AI53: =V53*P53 -> 28512 | AK53: 66S03 | AL53: RES_KL3_FUR_FREEZE_COOK | AM53: =AG53*Z53 -> 0 | AN53: =B53 -> 45302 | AO53: 2 | AQ53: 12063755 | AR53: 12061353 | AS53: 12061354 | AT53: 12068566 | AV53: 12068564 | AW53: 12062153 | AY53: 12068565
B54: 45302 | C54: 45320 | D54: =IF(B54="","",YEAR(B54)) -> 2024 | E54: =VLOOKUP($B54,Week!$A$1:$C$1462,2,0) -> Week2 | F54: =IF(B54="","",TEXT(B54,"[$-409]mmm")) -> Jan | G54: DRY2300605 | H54: USA | I54: CPFNW | J54: Bellisio Foods, Inc. | K54: Wonton ND+V | L54: Cooked Wonton | M54: Cooked Wonton ND No Egg with Pumpkin + Yu Choy Low sodium | N54: 082SJBW36005P00001 | O54: 308g*6c*6in | P54: 36 | Q54: 5 | R54: 0.0075 | S54: HC | T54: Salt | U54: Y3 | V54: =1657-169-792 -> 696 | W54: =1657-169-792 -> 696 | Y54: =(W54+X54)-V54 -> 0 | Z54: =IF(Y54<0,((V54*P54)-((W54+X54)*P54)),0) -> 0 | AG54: =MID(O54,1,3)/1000 -> 0.308 | AH54: =(Z54*AG54)/1000 -> 0 | AI54: =V54*P54 -> 25056 | AK54: 66S03 | AL54: RES_KL3_FUR_FREEZE_COOK | AM54: =AG54*Z54 -> 0 | AN54: =B54 -> 45302 | AO54: 2 | AQ54: 12063755 | AR54: 12061353 | AS54: 12061354 | AT54: 12068566 | AV54: 12068564 | AW54: 12062153 | AY54: 12068565
A55: R | B55: 45302 | C55: 45307 | D55: =IF(B55="","",YEAR(B55)) -> 2024 | E55: =VLOOKUP($B55,Week!$A$1:$C$1462,2,0) -> Week2 | F55: =IF(B55="","",TEXT(B55,"[$-409]mmm")) -> Jan | G55: DRY2300575 | H55: Korea | I55: CPFNW | J55: Consumer Package Commerce | K55: R-Wonton egg past | L55: Raw Wonton | M55: Raw Wonton 12 pcs | N55: 082I93U40012P01001 | O55: 154g*40in | P55: 40 | Q55: 12 | R55: 0.00681 | S55: S | T55: STPP | U55: ซุปซอง 5g. | V55: 641 | W55: 641 | Y55: =(W55+X55)-V55 -> 0 | Z55: =IF(Y55<0,((V55*P55)-((W55+X55)*P55)),0) -> 0 | AA55: =Q55*Z55 -> 0 | AB55: 2 | AC55: =Z55*AB55 -> 0 | AG55: =MID(O55,1,3)/1000 -> 0.154 | AH55: =(Z55*AG55)/1000 -> 0 | AI55: =V55*P55 -> 25640 | AK55: 66S03 | AL55: RES_KL3_FUR_FREEZE_RAW | AM55: =AG55*Z55 -> 0 | AN55: =B55 -> 45302 | AO55: 2 | AP55: 23/11/21 | AQ55: 12028328 | AR55: 12019692 | AT55: 12065371 | AV55: 12055895 | AW55: 12034747 | AX55: 12045309(248) | AY55: ปลอกสวม 12040669
B56: 45303 | C56: 45317 | D56: =IF(B56="","",YEAR(B56)) -> 2024 | E56: =VLOOKUP($B56,Week!$A$1:$C$1462,2,0) -> Week2 | F56: =IF(B56="","",TEXT(B56,"[$-409]mmm")) -> Jan | G56: DRY2300687 | H56: CAN | I56: CPFNW | J56: Bellisio Foods Canada | K56: Minced ND | L56: Cooked Wonton | M56: Cooked Minced Wonton Noodle (Enriched wonton sheet&noodles) | N56: 082SR5312005P00001 | O56: 258g*12 | P56: 12 | Q56: 5 | R56: 0.006 | S56: BK | T56: Salt | U56: Regular | V56: 2600 | X56: =(1119+30081)/12 -> 2600 | Y56: =(W56+X56)-V56 -> 0 | Z56: =IF(Y56<0,((V56*P56)-((W56+X56)*P56)),0) -> 0 | AD56: NEWPACKAGE | AG56: =MID(O56,1,3)/1000 -> 0.258 | AH56: =(Z56*AG56)/1000 -> 0 | AI56: =V56*P56 -> 31200 | AK56: 66S03 | AL56: RES_KL3_FUR_FREEZE_COOK | AM56: =AG56*Z56 -> 0 | AN56: =B56 -> 45303 | AO56: 2 | AP56: 13/12/21 | AQ56: 12071839 | AR56: 12042650 | AS56: 12042649 | AT56: 12060840 | AV56: 12060849
B57: 45303 | C57: 45316 | D57: =IF(B57="","",YEAR(B57)) -> 2024 | E57: =VLOOKUP($B57,Week!$A$1:$C$1462,2,0) -> Week2 | F57: =IF(B57="","",TEXT(B57,"[$-409]mmm")) -> Jan | G57: DRY2300700 | H57: AUS | I57: CPFNW | J57: CPF Australia Pty Ltd. | K57: Wonton ND+V | L57: Cooked Wonton | M57: Cooked Wonton ND No Egg with Pumpkin + Yu Choy | N57: 082SJ9U36005P00001 | O57: 308g*6c*6in | P57: 36 | Q57: 5 | R57: 0.0075 | S57: HC | T57: Salt | U57: Regular | V57: 792 | W57: =773+19 -> 792 | Y57: =(W57+X57)-V57 -> 0 | Z57: =IF(Y57<0,((V57*P57)-((W57+X57)*P57)),0) -> 0 | AG57: =MID(O57,1,3)/1000 -> 0.308 | AH57: =(Z57*AG57)/1000 -> 0 | AI57: =V57*P57 -> 28512 | AK57: 66S03 | AL57: RES_KL3_FUR_FREEZE_COOK | AM57: =AG57*Z57 -> 0 | AN57: =B57 -> 45303 | AO57: 2 | AP57: 4/1/22 | AQ57: 12063755 | AR57: 12061353 | AS57: 12061354 | AT57: 12062266 | AV57: 12062261 | AW57: 12062153 | AY57: 12062262
B58: 45303 | C58: 45316 | D58: =IF(B58="","",YEAR(B58)) -> 2024 | E58: =VLOOKUP($B58,Week!$A$1:$C$1462,2,0) -> Week2 | F58: =IF(B58="","",TEXT(B58,"[$-409]mmm")) -> Jan | G58: DRY2300701 | H58: AUS | I58: CPFNW | J58: CPF Australia Pty Ltd. | K58: Wonton ND+V | L58: Cooked Wonton | M58: Cooked Wonton ND No Egg with Pumpkin + Yu Choy | N58: 082SJ9U36005P00001 | O58: 308g*6c*6in | P58: 36 | Q58: 5 | R58: 0.0075 | S58: HC | T58: Salt | U58: Regular | V58: 792 | W58: =792 -> 792 | Y58: =(W58+X58)-V58 -> 0 | Z58: =IF(Y58<0,((V58*P58)-((W58+X58)*P58)),0) -> 0 | AG58: =MID(O58,1,3)/1000 -> 0.308 | AH58: =(Z58*AG58)/1000 -> 0 | AI58: =V58*P58 -> 28512 | AK58: 66S03 | AL58: RES_KL3_FUR_FREEZE_COOK | AM58: =AG58*Z58 -> 0 | AN58: =B58 -> 45303 | AO58: 2 | AP58: 4/1/22 | AQ58: 12063755 | AR58: 12061353 | AS58: 12061354 | AT58: 12062266 | AV58: 12062261 | AW58: 12062153 | AY58: 12062262
B59: 45303 | C59: 45316 | D59: =IF(B59="","",YEAR(B59)) -> 2024 | E59: =VLOOKUP($B59,Week!$A$1:$C$1462,2,0) -> Week2 | F59: =IF(B59="","",TEXT(B59,"[$-409]mmm")) -> Jan | G59: DRY2300702 | H59: AUS | I59: CPFNW | J59: CPF Australia Pty Ltd. | K59: Wonton ND+V | L59: Cooked Wonton | M59: Cooked Wonton ND No Egg with Pumpkin + Yu Choy | N59: 082SJ9U36005P00001 | O59: 308g*6c*6in | P59: 36 | Q59: 5 | R59: 0.0075 | S59: HC | T59: Salt | U59: Regular | V59: =792-265 -> 527 | W59: =2092-773-792 -> 527 | Y59: =(W59+X59)-V59 -> 0 | Z59: =IF(Y59<0,((V59*P59)-((W59+X59)*P59)),0) -> 0 | AG59: =MID(O59,1,3)/1000 -> 0.308 | AH59: =(Z59*AG59)/1000 -> 0 | AI59: =V59*P59 -> 18972 | AK59: 66S03 | AL59: RES_KL3_FUR_FREEZE_COOK | AM59: =AG59*Z59 -> 0 | AN59: =B59 -> 45303 | AO59: 2 | AP59: 4/1/22 | AQ59: 12063755 | AR59: 12061353 | AS59: 12061354 | AT59: 12062266 | AV59: 12062261 | AW59: 12062153 | AY59: 12062262
A60: รอสั่งซอสใหม่ | B60: 45303 | C60: 45307 | D60: =IF(B60="","",YEAR(B60)) -> 2024 | E60: =VLOOKUP($B60,Week!$A$1:$C$1462,2,0) -> Week2 | F60: =IF(B60="","",TEXT(B60,"[$-409]mmm")) -> Jan | G60: DRY2300563 | H60: Denmark | I60: CPFNW | J60: CPF DENMARK | K60: Wonton ND+V+TY | L60: Cooked Wonton | M60: Cooked Wonton ND No Egg with Pumpkin + Vegetable HC 3 pcs tomyam | N60: 082SJKW08003P00001 | O60: 309g*8 | P60: 8 | Q60: 3 | R60: 0.0075 | S60: M | T60: Salt | U60: TYANS+CM | V60: 3500 | X60: =(28000)/8 -> 3500 | Y60: =(W60+X60)-V60 -> 0 | Z60: =IF(Y60<0,((V60*P60)-((W60+X60)*P60)),0) -> 0 | AD60: ต้มยำสูตรลดเผ็ดลง 10 % | AG60: =MID(O60,1,3)/1000 -> 0.309 | AH60: =(Z60*AG60)/1000 -> 0 | AI60: =V60*P60 -> 28000 | AK60: 66S03 | AL60: RES_KL3_FUR_FREEZE_COOK | AM60: =AG60*Z60 -> 0 | AN60: =B60 -> 45303 | AO60: 2 | AP60: รอแบบ | AQ60: 12063755 | AR60: 12061353 | AS60: 12061354 | AT60: 12084023 | AV60: 12084228
A61: R | B61: 45303 | C61: 45307 | D61: =IF(B61="","",YEAR(B61)) -> 2024 | E61: =VLOOKUP($B61,Week!$A$1:$C$1462,2,0) -> Week2 | F61: =IF(B61="","",TEXT(B61,"[$-409]mmm")) -> Jan | G61: DRY2300575 | H61: Korea | I61: CPFNW | J61: Consumer Package Commerce | K61: R-Wonton egg past | L61: Raw Wonton | M61: Raw Wonton 12 pcs | N61: 082I93U40012P01001 | O61: 154g*40in | P61: 40 | Q61: 12 | R61: 0.00681 | S61: S | T61: STPP | U61: ซุปซอง 5g. | V61: =1624-694-641 -> 289 | W61: 289 | Y61: =(W61+X61)-V61 -> 0 | Z61: =IF(Y61<0,((V61*P61)-((W61+X61)*P61)),0) -> 0 | AA61: =Q61*Z61 -> 0 | AB61: 2 | AC61: =Z61*AB61 -> 0 | AG61: =MID(O61,1,3)/1000 -> 0.154 | AH61: =(Z61*AG61)/1000 -> 0 | AI61: =V61*P61 -> 11560 | AK61: 66S03 | AL61: RES_KL3_FUR_FREEZE_RAW | AM61: =AG61*Z61 -> 0 | AN61: =B61 -> 45303 | AO61: 2 | AP61: 23/11/21 | AQ61: 12028328 | AR61: 12019692 | AT61: 12065371 | AV61: 12055895 | AW61: 12034747 | AX61: 12045309(248) | AY61: ปลอกสวม 12040669
A62: R | B62: 45303 | C62: 45308 | D62: =IF(B62="","",YEAR(B62)) -> 2024 | E62: =VLOOKUP($B62,Week!$A$1:$C$1462,2,0) -> Week2 | F62: =IF(B62="","",TEXT(B62,"[$-409]mmm")) -> Jan | G62: DRY2300665 | H62: SG | I62: CPFNW | J62: CPI SINGAPORE | K62: R-Wonton egg past | L62: Raw Wonton | M62: Raw Wonton 12 pcs with sesame | N62: 082I93B20012P02001 | O62: 204g*20in | P62: 20 | Q62: 12 | R62: 0.00681 | S62: S | T62: STPP | U62: sesame 30g | V62: 424 | W62: 424 | Y62: =(W62+X62)-V62 -> 0 | Z62: =IF(Y62<0,((V62*P62)-((W62+X62)*P62)),0) -> 0 | AA62: =Q62*Z62 -> 0 | AB62: 2 | AC62: =Z62*AB62 -> 0 | AD62: ห่อแบบดิบ | AG62: =MID(O62,1,3)/1000 -> 0.204 | AH62: =(Z62*AG62)/1000 -> 0 | AI62: =V62*P62 -> 8480 | AK62: 66S03 | AL62: RES_KL3_FUR_FREEZE_RAW | AM62: =AG62*Z62 -> 0 | AN62: =B62 -> 45303 | AO62: 2 | AQ62: 12045770 | AR62: 12019692 | AT62: 12055901 | AV62: 12055891 | AX62: 12045309(248)
B63: 45304 | C63: 45316 | D63: =IF(B63="","",YEAR(B63)) -> 2024 | E63: =VLOOKUP($B63,Week!$A$1:$C$1462,2,0) -> Week2 | F63: =IF(B63="","",TEXT(B63,"[$-409]mmm")) -> Jan | G63: DRY2300702 | H63: AUS | I63: CPFNW | J63: CPF Australia Pty Ltd. | K63: Wonton ND+V | L63: Cooked Wonton | M63: Cooked Wonton ND No Egg with Pumpkin + Yu Choy | N63: 082SJ9U36005P00001 | O63: 308g*6c*6in | P63: 36 | Q63: 5 | R63: 0.0075 | S63: HC | T63: Salt | U63: Regular | V63: 265 | W63: 265 | Y63: =(W63+X63)-V63 -> 0 | Z63: =IF(Y63<0,((V63*P63)-((W63+X63)*P63)),0) -> 0 | AG63: =MID(O63,1,3)/1000 -> 0.308 | AH63: =(Z63*AG63)/1000 -> 0 | AI63: =V63*P63 -> 9540 | AK63: 66S03 | AL63: RES_KL3_FUR_FREEZE_COOK | AM63: =AG63*Z63 -> 0 | AN63: =B63 -> 45304 | AO63: 2 | AP63: 4/1/22 | AQ63: 12063755 | AR63: 12061353 | AS63: 12061354 | AT63: 12062266 | AV63: 12062261 | AW63: 12062153 | AY63: 12062262
B64: 45304 | C64: 45320 | D64: =IF(B64="","",YEAR(B64)) -> 2024 | E64: =VLOOKUP($B64,Week!$A$1:$C$1462,2,0) -> Week2 | F64: =IF(B64="","",TEXT(B64,"[$-409]mmm")) -> Jan | G64: DRY2300605 | H64: USA | I64: CPFNW | J64: Bellisio Foods, Inc. | K64: Wonton ND+V | L64: Cooked Wonton | M64: Cooked Wonton ND No Egg with Pumpkin + Yu Choy Low sodium | N64: 082SJBW36005P00001 | O64: 308g*6c*6in | P64: 36 | Q64: 5 | R64: 0.0075 | S64: HC | T64: Salt | U64: Y3 | V64: =792-696 -> 96 | W64: 96 | Y64: =(W64+X64)-V64 -> 0 | Z64: =IF(Y64<0,((V64*P64)-((W64+X64)*P64)),0) -> 0 | AG64: =MID(O64,1,3)/1000 -> 0.308 | AH64: =(Z64*AG64)/1000 -> 0 | AI64: =V64*P64 -> 3456 | AK64: 66S03 | AL64: RES_KL3_FUR_FREEZE_COOK | AM64: =AG64*Z64 -> 0 | AN64: =B64 -> 45304 | AO64: 2 | AQ64: 12063755 | AR64: 12061353 | AS64: 12061354 | AT64: 12068566 | AV64: 12068564 | AW64: 12062153 | AY64: 12068565
B65: 45304 | C65: 45320 | D65: =IF(B65="","",YEAR(B65)) -> 2024 | E65: =VLOOKUP($B65,Week!$A$1:$C$1462,2,0) -> Week2 | F65: =IF(B65="","",TEXT(B65,"[$-409]mmm")) -> Jan | G65: DRY2300591 | H65: USA | I65: CPFNW | J65: Bellisio Foods, Inc. | K65: Wonton ND+V | L65: Cooked Wonton | M65: Cooked Wonton ND No Egg with Pumpkin + Yu Choy Low sodium | N65: 082SJBW36005P00001 | O65: 308g*6c*6in | P65: 36 | Q65: 5 | R65: 0.0075 | S65: HC | T65: Salt | U65: Y3 | V65: 792 | W65: 792 | Y65: =(W65+X65)-V65 -> 0 | Z65: =IF(Y65<0,((V65*P65)-((W65+X65)*P65)),0) -> 0 | AG65: =MID(O65,1,3)/1000 -> 0.308 | AH65: =(Z65*AG65)/1000 -> 0 | AI65: =V65*P65 -> 28512 | AK65: 66S03 | AL65: RES_KL3_FUR_FREEZE_COOK | AM65: =AG65*Z65 -> 0 | AN65: =B65 -> 45304 | AO65: 2 | AQ65: 12063755 | AR65: 12061353 | AS65: 12061354 | AT65: 12068566 | AV65: 12068564 | AW65: 12062153 | AY65: 12068565
B66: 45304 | C66: 45321 | D66: =IF(B66="","",YEAR(B66)) -> 2024 | E66: =VLOOKUP($B66,Week!$A$1:$C$1462,2,0) -> Week2 | F66: =IF(B66="","",TEXT(B66,"[$-409]mmm")) -> Jan | G66: DRY2300612 | H66: USA | I66: CPFNW | J66: Bellisio Foods, Inc. | K66: Wonton ND+V | L66: Cooked Wonton | M66: Cooked Wonton ND No Egg with Pumpkin + Yu Choy Low sodium | N66: 082SJBW36005P00001 | O66: 308g*6c*6in | P66: 36 | Q66: 5 | R66: 0.0075 | S66: HC | T66: Salt | U66: Y3 | V66: 792 | W66: 792 | Y66: =(W66+X66)-V66 -> 0 | Z66: =IF(Y66<0,((V66*P66)-((W66+X66)*P66)),0) -> 0 | AG66: =MID(O66,1,3)/1000 -> 0.308 | AH66: =(Z66*AG66)/1000 -> 0 | AI66: =V66*P66 -> 28512 | AK66: 66S03 | AL66: RES_KL3_FUR_FREEZE_COOK | AM66: =AG66*Z66 -> 0 | AN66: =B66 -> 45304 | AO66: 2 | AQ66: 12063755 | AR66: 12061353 | AS66: 12061354 | AT66: 12068566 | AV66: 12068564 | AW66: 12062153 | AY66: 12068565
B67: 45304 | C67: 45322 | D67: =IF(B67="","",YEAR(B67)) -> 2024 | E67: =VLOOKUP($B67,Week!$A$1:$C$1462,2,0) -> Week2 | F67: =IF(B67="","",TEXT(B67,"[$-409]mmm")) -> Jan | G67: DRY2300618 | H67: USA | I67: CPFNW | J67: Bellisio Foods, Inc. | K67: Wonton ND+V | L67: Cooked Wonton | M67: Cooked Wonton ND No Egg with Pumpkin + Yu Choy Low sodium | N67: 082SJBW36005P00001 | O67: 308g*6c*6in | P67: 36 | Q67: 5 | R67: 0.0075 | S67: HC | T67: Salt | U67: Y3 | V67: 792 | W67: 792 | Y67: =(W67+X67)-V67 -> 0 | Z67: =IF(Y67<0,((V67*P67)-((W67+X67)*P67)),0) -> 0 | AG67: =MID(O67,1,3)/1000 -> 0.308 | AH67: =(Z67*AG67)/1000 -> 0 | AI67: =V67*P67 -> 28512 | AK67: 66S03 | AL67: RES_KL3_FUR_FREEZE_COOK | AM67: =AG67*Z67 -> 0 | AN67: =B67 -> 45304 | AO67: 2 | AQ67: 12063755 | AR67: 12061353 | AS67: 12061354 | AT67: 12068566 | AV67: 12068564 | AW67: 12062153 | AY67: 12068565
B68: 45304 | C68: 45322 | D68: =IF(B68="","",YEAR(B68)) -> 2024 | E68: =VLOOKUP($B68,Week!$A$1:$C$1462,2,0) -> Week2 | F68: =IF(B68="","",TEXT(B68,"[$-409]mmm")) -> Jan | G68: DRY2300619 | H68: USA | I68: CPFNW | J68: Bellisio Foods, Inc. | K68: Wonton ND+V | L68: Cooked Wonton | M68: Cooked Wonton ND No Egg with Pumpkin + Yu Choy Low sodium | N68: 082SJBW36005P00001 | O68: 308g*6c*6in | P68: 36 | Q68: 5 | R68: 0.0075 | S68: HC | T68: Salt | U68: Y3 | V68: 674 | W68: =3146-96-792-792-792 -> 674 | Y68: =(W68+X68)-V68 -> 0 | Z68: =IF(Y68<0,((V68*P68)-((W68+X68)*P68)),0) -> 0 | AG68: =MID(O68,1,3)/1000 -> 0.308 | AH68: =(Z68*AG68)/1000 -> 0 | AI68: =V68*P68 -> 24264 | AK68: 66S03 | AL68: RES_KL3_FUR_FREEZE_COOK | AM68: =AG68*Z68 -> 0 | AN68: =B68 -> 45304 | AO68: 2 | AQ68: 12063755 | AR68: 12061353 | AS68: 12061354 | AT68: 12068566 | AV68: 12068564 | AW68: 12062153 | AY68: 12068565
A69: R | B69: 45304 | C69: 45308 | D69: =IF(B69="","",YEAR(B69)) -> 2024 | E69: =VLOOKUP($B69,Week!$A$1:$C$1462,2,0) -> Week2 | F69: =IF(B69="","",TEXT(B69,"[$-409]mmm")) -> Jan | G69: DRY2300665 | H69: SG | I69: CPFNW | J69: CPI SINGAPORE | K69: R-Wonton egg past | L69: Raw Wonton | M69: Raw Wonton 12 pcs with sesame | N69: 082I93B20012P02001 | O69: 204g*20in | P69: 20 | Q69: 12 | R69: 0.00681 | S69: S | T69: STPP | U69: sesame 30g | V69: =1200-424 -> 776 | W69: =772 -> 772 | X69: 4 | Y69: =(W69+X69)-V69 -> 0 | Z69: =IF(Y69<0,((V69*P69)-((W69+X69)*P69)),0) -> 0 | AA69: =Q69*Z69 -> 0 | AB69: 2 | AC69: =Z69*AB69 -> 0 | AD69: ห่อแบบดิบ | AG69: =MID(O69,1,3)/1000 -> 0.204 | AH69: =(Z69*AG69)/1000 -> 0 | AI69: =V69*P69 -> 15520 | AK69: 66S03 | AL69: RES_KL3_FUR_FREEZE_RAW | AM69: =AG69*Z69 -> 0 | AN69: =B69 -> 45304 | AO69: 2 | AQ69: 12045770 | AR69: 12019692 | AT69: 12055901 | AV69: 12055891 | AX69: 12045309(248)
B70: 45305 | D70: =IF(B70="","",YEAR(B70)) -> 2024 | E70: =VLOOKUP($B70,Week!$A$1:$C$1462,2,0) -> Week2 | F70: =IF(B70="","",TEXT(B70,"[$-409]mmm")) -> Jan | AK70: 66S03 | AM70: =AG70*Z70 -> 0 | AN70: =B70 -> 45305 | AO70: 2
A71: T | B71: 45306 | C71: 45324 | D71: =IF(B71="","",YEAR(B71)) -> 2024 | E71: =VLOOKUP($B71,Week!$A$1:$C$1462,2,0) -> Week3 | F71: =IF(B71="","",TEXT(B71,"[$-409]mmm")) -> Jan | G71: DRY2300679 | H71: USA | I71: CPFNW | J71: Bellisio | K71: C-WT in tray no egg | L71: Cooked Wonton | M71: COOKED WONTON 6 pcs. | N71: 082S8BW08012P00001 | O71: 117*2tray*8in | P71: 16 | Q71: 6 | R71: 0.00813 | S71: M | T71: Salt | U71: Sesame 15g | V71: 721 | W71: =53+668 -> 721 | Y71: =(W71+X71)-V71 -> 0 | Z71: =IF(Y71<0,((V71*P71)-((W71+X71)*P71)),0) -> 0 | AB71: 1 | AC71: =AB71*V71*P71 -> 11536 | AD71: cap 3000 tray/hr. | AG71: =MID(O71,1,3)/1000 -> 0.117 | AH71: =(Z71*AG71)/1000 -> 0 | AI71: =V71*P71 -> 11536 | AK71: 66S03 | AL71: RES_KL3_FUR_FREEZE_COOK | AM71: =AG71*Z71 -> 0 | AN71: =B71 -> 45306 | AO71: 2 | AR71: 12080450 | AT71: 12083198 | AV71: 12080491 | AX71: ซอง 12080447/ม้วน
B72: 45306 | D72: =IF(B72="","",YEAR(B72)) -> 2024 | E72: =VLOOKUP($B72,Week!$A$1:$C$1462,2,0) -> Week3 | F72: =IF(B72="","",TEXT(B72,"[$-409]mmm")) -> Jan | G72: ขายภายใน | H72: .7-11 | I72: CPFGS | J72: ถ้วยขาวพิมพ์ลายใหม่ | K72: Wonton | L72: Cooked Wonton | M72: Cooked Wonton No Egg .7-11 | N72: 082S81A24005P06001 | O72: 130g*24 | P72: 24 | Q72: 5 | R72: 0.0062 | S72: SS | T72: STPP | U72: Regular | V72: 1100 | W72: =1100 -> 1100 | Y72: =(W72+X72)-V72 -> 0 | Z72: =IF(Y72<0,((V72*P72)-((W72+X72)*P72)),0) -> 0 | AG72: =MID(O72,1,3)/1000 -> 0.13 | AH72: =(Z72*AG72)/1000 -> 0 | AI72: =V72*P72 -> 26400 | AK72: 66S03 | AL72: RES_KL3_FUR_FREEZE_COOK | AM72: =AG72*Z72 -> 0 | AN72: =B72 -> 45306 | AO72: 2 | AP72: 13/1/22 | AQ72: 12071839 | AR72: 12078867 | AS72: 12068233 | AV72: 12062075 | AY72: 12078868
B73: 45306 | C73: 45323 | D73: =IF(B73="","",YEAR(B73)) -> 2024 | E73: =VLOOKUP($B73,Week!$A$1:$C$1462,2,0) -> Week3 | F73: =IF(B73="","",TEXT(B73,"[$-409]mmm")) -> Jan | G73: DRY2300703 | H73: AUS | I73: CPFNW | J73: CPF Australia Pty Ltd. | K73: Wonton ND+V | L73: Cooked Wonton | M73: Cooked Wonton ND No Egg with Pumpkin + Yu Choy | N73: 082SJ9U36005P00001 | O73: 308g*6c*6in | P73: 36 | Q73: 5 | R73: 0.0075 | S73: HC | T73: Salt | U73: Regular | V73: 792 | W73: =792 -> 792 | Y73: =(W73+X73)-V73 -> 0 | Z73: =IF(Y73<0,((V73*P73)-((W73+X73)*P73)),0) -> 0 | AG73: =MID(O73,1,3)/1000 -> 0.308 | AH73: =(Z73*AG73)/1000 -> 0 | AI73: =V73*P73 -> 28512 | AK73: 66S03 | AL73: RES_KL3_FUR_FREEZE_COOK | AM73: =AG73*Z73 -> 0 | AN73: =B73 -> 45306 | AO73: 2 | AP73: 4/1/22 | AQ73: 12063755 | AR73: 12061353 | AS73: 12061354 | AT73: 12062266 | AV73: 12062261 | AW73: 12062153 | AY73: 12062262
B74: 45306 | C74: 45322 | D74: =IF(B74="","",YEAR(B74)) -> 2024 | E74: =VLOOKUP($B74,Week!$A$1:$C$1462,2,0) -> Week3 | F74: =IF(B74="","",TEXT(B74,"[$-409]mmm")) -> Jan | G74: DRY2300619 | H74: USA | I74: CPFNW | J74: Bellisio Foods, Inc. | K74: Wonton ND+V | L74: Cooked Wonton | M74: Cooked Wonton ND No Egg with Pumpkin + Yu Choy Low sodium | N74: 082SJBW36005P00001 | O74: 308g*6c*6in | P74: 36 | Q74: 5 | R74: 0.0075 | S74: HC | T74: Salt | U74: Y3 | V74: =792-674 -> 118 | W74: =792-674 -> 118 | Y74: =(W74+X74)-V74 -> 0 | Z74: =IF(Y74<0,((V74*P74)-((W74+X74)*P74)),0) -> 0 | AG74: =MID(O74,1,3)/1000 -> 0.308 | AH74: =(Z74*AG74)/1000 -> 0 | AI74: =V74*P74 -> 4248 | AK74: 66S03 | AL74: RES_KL3_FUR_FREEZE_COOK | AM74: =AG74*Z74 -> 0 | AN74: =B74 -> 45306 | AO74: 2 | AQ74: 12063755 | AR74: 12061353 | AS74: 12061354 | AT74: 12068566 | AV74: 12068564 | AW74: 12062153 | AY74: 12068565
B75: 45306 | C75: 45324 | D75: =IF(B75="","",YEAR(B75)) -> 2024 | E75: =VLOOKUP($B75,Week!$A$1:$C$1462,2,0) -> Week3 | F75: =IF(B75="","",TEXT(B75,"[$-409]mmm")) -> Jan | G75: DRY2300608 | H75: USA | I75: CPFNW | J75: Bellisio Foods, Inc. | K75: Wonton ND+V | L75: Cooked Wonton | M75: Cooked Wonton ND No Egg with Pumpkin + Yu Choy Low sodium | N75: 082SJBW36005P00001 | O75: 308g*6c*6in | P75: 36 | Q75: 5 | R75: 0.0075 | S75: HC | T75: Salt | U75: Y3 | V75: 792 | W75: 792 | Y75: =(W75+X75)-V75 -> 0 | Z75: =IF(Y75<0,((V75*P75)-((W75+X75)*P75)),0) -> 0 | AG75: =MID(O75,1,3)/1000 -> 0.308 | AH75: =(Z75*AG75)/1000 -> 0 | AI75: =V75*P75 -> 28512 | AK75: 66S03 | AL75: RES_KL3_FUR_FREEZE_COOK | AM75: =AG75*Z75 -> 0 | AN75: =B75 -> 45306 | AO75: 2 | AQ75: 12063755 | AR75: 12061353 | AS75: 12061354 | AT75: 12068566 | AV75: 12068564 | AW75: 12062153 | AY75: 12068565
B76: 45306 | C76: 45324 | D76: =IF(B76="","",YEAR(B76)) -> 2024 | E76: =VLOOKUP($B76,Week!$A$1:$C$1462,2,0) -> Week3 | F76: =IF(B76="","",TEXT(B76,"[$-409]mmm")) -> Jan | G76: DRY2300609 | H76: USA | I76: CPFNW | J76: Bellisio Foods, Inc. | K76: Wonton ND+V | L76: Cooked Wonton | M76: Cooked Wonton ND No Egg with Pumpkin + Yu Choy Low sodium | N76: 082SJBW36005P00001 | O76: 308g*6c*6in | P76: 36 | Q76: 5 | R76: 0.0075 | S76: HC | T76: Salt | U76: Y3 | V76: 792 | W76: 792 | Y76: =(W76+X76)-V76 -> 0 | Z76: =IF(Y76<0,((V76*P76)-((W76+X76)*P76)),0) -> 0 | AG76: =MID(O76,1,3)/1000 -> 0.308 | AH76: =(Z76*AG76)/1000 -> 0 | AI76: =V76*P76 -> 28512 | AK76: 66S03 | AL76: RES_KL3_FUR_FREEZE_COOK | AM76: =AG76*Z76 -> 0 | AN76: =B76 -> 45306 | AO76: 2 | AQ76: 12063755 | AR76: 12061353 | AS76: 12061354 | AT76: 12068566 | AV76: 12068564 | AW76: 12062153 | AY76: 12068565
B77: 45306 | C77: 45324 | D77: =IF(B77="","",YEAR(B77)) -> 2024 | E77: =VLOOKUP($B77,Week!$A$1:$C$1462,2,0) -> Week3 | F77: =IF(B77="","",TEXT(B77,"[$-409]mmm")) -> Jan | G77: DRY2300630 | H77: USA | I77: CPFNW | J77: Bellisio Foods, Inc. | K77: Wonton ND+V | L77: Cooked Wonton | M77: Cooked Wonton ND No Egg with Pumpkin + Yu Choy Low sodium | N77: 082SJBW36005P00001 | O77: 308g*6c*6in | P77: 36 | Q77: 5 | R77: 0.0075 | S77: HC | T77: Salt | U77: Y3 | V77: =1873-118-792-792 -> 171 | W77: =1873-118-792-792 -> 171 | Y77: =(W77+X77)-V77 -> 0 | Z77: =IF(Y77<0,((V77*P77)-((W77+X77)*P77)),0) -> 0 | AG77: =MID(O77,1,3)/1000 -> 0.308 | AH77: =(Z77*AG77)/1000 -> 0 | AI77: =V77*P77 -> 6156 | AK77: 66S03 | AL77: RES_KL3_FUR_FREEZE_COOK | AM77: =AG77*Z77 -> 0 | AN77: =B77 -> 45306 | AO77: 2 | AQ77: 12063755 | AR77: 12061353 | AS77: 12061354 | AT77: 12068566 | AV77: 12068564 | AW77: 12062153 | AY77: 12068565
A78: R | B78: 45306 | C78: 45314 | D78: =IF(B78="","",YEAR(B78)) -> 2024 | E78: =VLOOKUP($B78,Week!$A$1:$C$1462,2,0) -> Week3 | F78: =IF(B78="","",TEXT(B78,"[$-409]mmm")) -> Jan | G78: DRY2300577 | H78: Korea | I78: CPFNW | J78: Consumer Package Commerce | K78: R-Wonton egg past | L78: Raw Wonton | M78: Raw Wonton 12 pcs | N78: 082I93U40012P01001 | O78: 154g*40in | P78: 40 | Q78: 12 | R78: 0.00681 | S78: S | T78: STPP | U78: ซุปซอง 5g. | V78: 629 | W78: =621 -> 621 | X78: =(333)/40 -> 8.325 | Y78: =(W78+X78)-V78 -> 0.325 | Z78: =IF(Y78<0,((V78*P78)-((W78+X78)*P78)),0) -> 0 | AA78: =Q78*Z78 -> 0 | AB78: 2 | AC78: =Z78*AB78 -> 0 | AG78: =MID(O78,1,3)/1000 -> 0.154 | AH78: =(Z78*AG78)/1000 -> 0 | AI78: =V78*P78 -> 25160 | AK78: 66S03 | AL78: RES_KL3_FUR_FREEZE_RAW | AM78: =AG78*Z78 -> 0 | AN78: =B78 -> 45306 | AO78: 2 | AP78: 23/11/21 | AQ78: 12028328 | AR78: 12019692 | AT78: 12065371 | AV78: 12055895 | AW78: 12034747 | AX78: 12045309(248) | AY78: ปลอกสวม 12040669
B79: 45307 | C79: 45321 | D79: =IF(B79="","",YEAR(B79)) -> 2024 | E79: =VLOOKUP($B79,Week!$A$1:$C$1462,2,0) -> Week3 | F79: =IF(B79="","",TEXT(B79,"[$-409]mmm")) -> Jan | G79: DRY2300692 | H79: UK | I79: CPFNW | J79: Westbridge Foods Limited (One UK) | K79: Wonton | L79: Cooked Wonton | M79: Wonton Soup No Egg | N79: 082S85L36005P04001 | O79: 148g*6c*6in | P79: 36 | Q79: 5 | R79: 0.0075 | S79: HC | T79: Salt | U79: Regular | V79: 1288 | W79: 1288 | Y79: =(W79+X79)-V79 -> 0 | Z79: =IF(Y79<0,((V79*P79)-((W79+X79)*P79)),0) -> 0 | AD79: ใช้ package ที่เป็น หมึกพิมพ์ใหม่ | AG79: =MID(O79,1,3)/1000 -> 0.148 | AH79: =(Z79*AG79)/1000 -> 0 | AI79: =V79*P79 -> 46368 | AK79: 66S03 | AL79: RES_KL3_FUR_FREEZE_COOK | AM79: =AG79*Z79 -> 0 | AN79: =B79 -> 45307 | AO79: 2 | AP79: 18/12/21 | AQ79: 12071839 | AR79: 12047514 | AS79: 12047515 | AT79: 12062098 | AV79: 12062100 | AW79: 12024404 | AY79: 12062116
B80: 45307 | C80: 45321 | D80: =IF(B80="","",YEAR(B80)) -> 2024 | E80: =VLOOKUP($B80,Week!$A$1:$C$1462,2,0) -> Week3 | F80: =IF(B80="","",TEXT(B80,"[$-409]mmm")) -> Jan | G80: DRY2300693 | H80: UK | I80: CPFNW | J80: Westbridge Foods Limited (One UK) | K80: Wonton | L80: Cooked Wonton | M80: Wonton Soup No Egg | N80: 082S85L36005P04001 | O80: 148g*6c*6in | P80: 36 | Q80: 5 | R80: 0.0075 | S80: HC | T80: Salt | U80: Regular | V80: 1288 | W80: 1288 | Y80: =(W80+X80)-V80 -> 0 | Z80: =IF(Y80<0,((V80*P80)-((W80+X80)*P80)),0) -> 0 | AD80: ใช้ package ที่เป็น หมึกพิมพ์ใหม่ | AG80: =MID(O80,1,3)/1000 -> 0.148 | AH80: =(Z80*AG80)/1000 -> 0 | AI80: =V80*P80 -> 46368 | AK80: 66S03 | AL80: RES_KL3_FUR_FREEZE_COOK | AM80: =AG80*Z80 -> 0 | AN80: =B80 -> 45307 | AO80: 2 | AP80: 18/12/21 | AQ80: 12071839 | AR80: 12047514 | AS80: 12047515 | AT80: 12062098 | AV80: 12062100 | AW80: 12024404 | AY80: 12062116
B81: 45307 | C81: 45335 | D81: =IF(B81="","",YEAR(B81)) -> 2024 | E81: =VLOOKUP($B81,Week!$A$1:$C$1462,2,0) -> Week3 | F81: =IF(B81="","",TEXT(B81,"[$-409]mmm")) -> Jan | G81: DRY2300694 | H81: UK | I81: CPFNW | J81: Westbridge Foods Limited (One UK) | K81: Wonton | L81: Cooked Wonton | M81: Wonton Soup No Egg | N81: 082S85L36005P04001 | O81: 148g*6c*6in | P81: 36 | Q81: 5 | R81: 0.0075 | S81: HC | T81: Salt | U81: Regular | V81: 606 | W81: =3149-1288-1288+33 -> 606 | Y81: =(W81+X81)-V81 -> 0 | Z81: =IF(Y81<0,((V81*P81)-((W81+X81)*P81)),0) -> 0 | AD81: ใช้ package ที่เป็น หมึกพิมพ์ใหม่ | AG81: =MID(O81,1,3)/1000 -> 0.148 | AH81: =(Z81*AG81)/1000 -> 0 | AI81: =V81*P81 -> 21816 | AK81: 66S03 | AL81: RES_KL3_FUR_FREEZE_COOK | AM81: =AG81*Z81 -> 0 | AN81: =B81 -> 45307 | AO81: 2 | AP81: 18/12/21 | AQ81: 12071839 | AR81: 12047514 | AS81: 12047515 | AT81: 12062098 | AV81: 12062100 | AW81: 12024404 | AY81: 12062116
B82: 45307 | C82: 45348 | D82: =IF(B82="","",YEAR(B82)) -> 2024 | E82: =VLOOKUP($B82,Week!$A$1:$C$1462,2,0) -> Week3 | F82: =IF(B82="","",TEXT(B82,"[$-409]mmm")) -> Jan | G82: DRY2300743 | H82: USA | I82: CPFNW | J82: Bellisio Foods, Inc. | K82: Minced WT | L82: Cooked Wonton | M82: Cooked Minced Wonton No Egg | N82: 082SKBW08005P00001 | O82: 145g*8 | P82: 8 | Q82: 5 | R82: 0.006 | S82: BK | T82: Salt | U82: Regular | V82: =5038/8 -> 629.75 | X82: =5038/8 -> 629.75 | Y82: =(W82+X82)-V82 -> 0 | Z82: =IF(Y82<0,((V82*P82)-((W82+X82)*P82)),0) -> 0 | AG82: =MID(O82,1,3)/1000 -> 0.145 | AH82: 0.26622 | AI82: =V82*P82 -> 5038 | AK82: 66S03 | AL82: RES_KL3_FUR_FREEZE_COOK | AM82: =AG82*Z82 -> 0 | AN82: =B82 -> 45307 | AO82: 2 | AP82: 8/12/21 | AQ82: 12071839 | AR82: 12047514 | AS82: 12047515 | AT82: 12083107 | AV82: 12084002
A83: R | B83: 45307 | C83: 45314 | D83: =IF(B83="","",YEAR(B83)) -> 2024 | E83: =VLOOKUP($B83,Week!$A$1:$C$1462,2,0) -> Week3 | F83: =IF(B83="","",TEXT(B83,"[$-409]mmm")) -> Jan | G83: DRY2300577 | H83: Korea | I83: CPFNW | J83: Consumer Package Commerce | K83: R-Wonton egg past | L83: Raw Wonton | M83: Raw Wonton 12 pcs | N83: 082I93U40012P01001 | O83: 154g*40in | P83: 40 | Q83: 12 | R83: 0.00681 | S83: S | T83: STPP | U83: ซุปซอง 5g. | V83: 645 | W83: =645 -> 645 | Y83: =(W83+X83)-V83 -> 0 | Z83: =IF(Y83<0,((V83*P83)-((W83+X83)*P83)),0) -> 0 | AA83: =Q83*Z83 -> 0 | AB83: 2 | AC83: =Z83*AB83 -> 0 | AG83: =MID(O83,1,3)/1000 -> 0.154 | AH83: =(Z83*AG83)/1000 -> 0 | AI83: =V83*P83 -> 25800 | AK83: 66S03 | AL83: RES_KL3_FUR_FREEZE_RAW | AM83: =AG83*Z83 -> 0 | AN83: =B83 -> 45307 | AO83: 2 | AP83: 23/11/21 | AQ83: 12028328 | AR83: 12019692 | AT83: 12065371 | AV83: 12055895 | AW83: 12034747 | AX83: 12045309(248) | AY83: ปลอกสวม 12040669
A84: T | B84: 45308 | C84: 45324 | D84: =IF(B84="","",YEAR(B84)) -> 2024 | E84: =VLOOKUP($B84,Week!$A$1:$C$1462,2,0) -> Week3 | F84: =IF(B84="","",TEXT(B84,"[$-409]mmm")) -> Jan | G84: DRY2300679 | H84: USA | I84: CPFNW | J84: Bellisio | K84: C-WT in tray no egg | L84: Cooked Wonton | M84: COOKED WONTON 6 pcs. | N84: 082S8BW08012P00001 | O84: 117*2tray*8in | P84: 16 | Q84: 6 | R84: 0.00813 | S84: M | T84: Salt | U84: Sesame 15g | V84: =1200-721 -> 479 | W84: 479 | Y84: =(W84+X84)-V84 -> 0 | Z84: =IF(Y84<0,((V84*P84)-((W84+X84)*P84)),0) -> 0 | AB84: 1 | AC84: =AB84*V84*P84 -> 7664 | AD84: cap 3000 tray/hr. | AG84: =MID(O84,1,3)/1000 -> 0.117 | AH84: =(Z84*AG84)/1000 -> 0 | AI84: =V84*P84 -> 7664 | AK84: 66S03 | AL84: RES_KL3_FUR_FREEZE_COOK | AM84: =AG84*Z84 -> 0 | AN84: =B84 -> 45308 | AO84: 2 | AR84: 12080450 | AT84: 12083198 | AV84: 12080491 | AX84: ซอง 12080447/ม้วน
A85: T | B85: 45309 | C85: 45324 | D85: =IF(B85="","",YEAR(B85)) -> 2024 | E85: =VLOOKUP($B85,Week!$A$1:$C$1462,2,0) -> Week3 | F85: =IF(B85="","",TEXT(B85,"[$-409]mmm")) -> Jan | G85: DRY2300678 | H85: USA | I85: CPFNW | J85: Bellisio | K85: C-WT in tray no egg | L85: Cooked Wonton | M85: COOKED WONTON 6 pcs. | N85: 082S8BW08012P00001 | O85: 117*2tray*8in | P85: 16 | Q85: 6 | R85: 0.00813 | S85: M | T85: Salt | U85: Sesame 15g | V85: =656-479 -> 177 | W85: 177 | Y85: =(W85+X85)-V85 -> 0 | Z85: =IF(Y85<0,((V85*P85)-((W85+X85)*P85)),0) -> 0 | AB85: 1 | AC85: =AB85*V85*P85 -> 2832 | AD85: cap 3000 tray/hr. | AG85: =MID(O85,1,3)/1000 -> 0.117 | AH85: =(Z85*AG85)/1000 -> 0 | AI85: =V85*P85 -> 2832 | AK85: 66S03 | AL85: RES_KL3_FUR_FREEZE_COOK | AM85: =AG85*Z85 -> 0 | AN85: =B85 -> 45309 | AO85: 2 | AR85: 12080450 | AT85: 12083198 | AV85: 12080491 | AX85: ซอง 12080447/ม้วน
B86: 45308 | C86: 45335 | D86: =IF(B86="","",YEAR(B86)) -> 2024 | E86: =VLOOKUP($B86,Week!$A$1:$C$1462,2,0) -> Week3 | F86: =IF(B86="","",TEXT(B86,"[$-409]mmm")) -> Jan | G86: DRY2300694 | H86: UK | I86: CPFNW | J86: Westbridge Foods Limited (One UK) | K86: Wonton | L86: Cooked Wonton | M86: Wonton Soup No Egg | N86: 082S85L36005P04001 | O86: 148g*6c*6in | P86: 36 | Q86: 5 | R86: 0.0075 | S86: HC | T86: Salt | U86: Regular | V86: =1288-606 -> 682 | W86: 682 | Y86: =(W86+X86)-V86 -> 0 | Z86: =IF(Y86<0,((V86*P86)-((W86+X86)*P86)),0) -> 0 | AD86: ใช้ package ที่เป็น หมึกพิมพ์ใหม่ | AG86: =MID(O86,1,3)/1000 -> 0.148 | AH86: =(Z86*AG86)/1000 -> 0 | AI86: =V86*P86 -> 24552 | AK86: 66S03 | AL86: RES_KL3_FUR_FREEZE_COOK | AM86: =AG86*Z86 -> 0 | AN86: =B86 -> 45308 | AO86: 2 | AP86: 18/12/21 | AQ86: 12071839 | AR86: 12047514 | AS86: 12047515 | AT86: 12062098 | AV86: 12062100 | AW86: 12024404 | AY86: 12062116
B87: 45308 | C87: 45335 | D87: =IF(B87="","",YEAR(B87)) -> 2024 | E87: =VLOOKUP($B87,Week!$A$1:$C$1462,2,0) -> Week3 | F87: =IF(B87="","",TEXT(B87,"[$-409]mmm")) -> Jan | G87: DRY2300695 | H87: UK | I87: CPFNW | J87: Westbridge Foods Limited (One UK) | K87: Wonton | L87: Cooked Wonton | M87: Wonton Soup No Egg | N87: 082S85L36005P04001 | O87: 148g*6c*6in | P87: 36 | Q87: 5 | R87: 0.0075 | S87: HC | T87: Salt | U87: Regular | V87: 1288 | W87: 1288 | Y87: =(W87+X87)-V87 -> 0 | Z87: =IF(Y87<0,((V87*P87)-((W87+X87)*P87)),0) -> 0 | AD87: ใช้ package ที่เป็น หมึกพิมพ์ใหม่ | AG87: =MID(O87,1,3)/1000 -> 0.148 | AH87: =(Z87*AG87)/1000 -> 0 | AI87: =V87*P87 -> 46368 | AK87: 66S03 | AL87: RES_KL3_FUR_FREEZE_COOK | AM87: =AG87*Z87 -> 0 | AN87: =B87 -> 45308 | AO87: 2 | AP87: 18/12/21 | AQ87: 12071839 | AR87: 12047514 | AS87: 12047515 | AT87: 12062098 | AV87: 12062100 | AW87: 12024404 | AY87: 12062116
B88: 45308 | C88: 45313 | D88: =IF(B88="","",YEAR(B88)) -> 2024 | E88: =VLOOKUP($B88,Week!$A$1:$C$1462,2,0) -> Week3 | F88: =IF(B88="","",TEXT(B88,"[$-409]mmm")) -> Jan | G88: ขายภายใน | H88: .7-11 | I88: CPFGS | J88: Seven ถ้วยดำ | K88: E+Wonton | L88: Cooked Wonton | M88: Cooked Wonton With Egg .7-11 | N88: 082S81A24005P04001 | O88: 145g*24 | P88: 24 | Q88: 5 | R88: 0.008 | S88: M | T88: STPP | U88: Regular | V88: 2410 | W88: =2410 -> 2410 | Y88: =(W88+X88)-V88 -> 0 | Z88: =IF(Y88<0,((V88*P88)-((W88+X88)*P88)),0) -> 0 | AG88: =MID(O88,1,3)/1000 -> 0.145 | AH88: =(Z88*AG88)/1000 -> 0 | AI88: =V88*P88 -> 57840 | AK88: 66S03 | AL88: RES_KL3_FUR_FREEZE_COOK | AM88: =AG88*Z88 -> 0 | AN88: =B88 -> 45308 | AO88: 2 | AP88: 18/12/21 | AQ88: 12071839 | AR88: 12047514 | AS88: 12047515 | AV88: 12080613 | AY88: 12080614 | AZ88: 12080616
A89: R | B89: 45308 | C89: 45314 | D89: =IF(B89="","",YEAR(B89)) -> 2024 | E89: =VLOOKUP($B89,Week!$A$1:$C$1462,2,0) -> Week3 | F89: =IF(B89="","",TEXT(B89,"[$-409]mmm")) -> Jan | G89: DRY2300577 | H89: Korea | I89: CPFNW | J89: Consumer Package Commerce | K89: R-Wonton egg past | L89: Raw Wonton | M89: Raw Wonton 12 pcs | N89: 082I93U40012P01001 | O89: 154g*40in | P89: 40 | Q89: 12 | R89: 0.00681 | S89: S | T89: STPP | U89: ซุปซอง 5g. | V89: =1624-629-645 -> 350 | W89: 350 | Y89: =(W89+X89)-V89 -> 0 | Z89: =IF(Y89<0,((V89*P89)-((W89+X89)*P89)),0) -> 0 | AA89: =Q89*Z89 -> 0 | AB89: 2 | AC89: =Z89*AB89 -> 0 | AG89: =MID(O89,1,3)/1000 -> 0.154 | AH89: =(Z89*AG89)/1000 -> 0 | AI89: =V89*P89 -> 14000 | AK89: 66S03 | AL89: RES_KL3_FUR_FREEZE_RAW | AM89: =AG89*Z89 -> 0 | AN89: =B89 -> 45308 | AO89: 2 | AP89: 23/11/21 | AQ89: 12028328 | AR89: 12019692 | AT89: 12065371 | AV89: 12055895 | AW89: 12034747 | AX89: 12045309(248) | AY89: ปลอกสวม 12040669
A90: R | B90: 45308 | C90: 45314 | D90: =IF(B90="","",YEAR(B90)) -> 2024 | E90: =VLOOKUP($B90,Week!$A$1:$C$1462,2,0) -> Week3 | F90: =IF(B90="","",TEXT(B90,"[$-409]mmm")) -> Jan | G90: DRY2300680 | H90: Korea | I90: CPFNW | J90: Consumer Package Commerce | K90: R-Wonton egg past | L90: Raw Wonton | M90: Raw Wonton 12 pcs | N90: 082I93U40012P01001 | O90: 154g*40in | P90: 40 | Q90: 12 | R90: 0.00681 | S90: S | T90: STPP | U90: ซุปซอง 5g. | V90: 294 | W90: =486-350 -> 136 | X90: 158 | Y90: =(W90+X90)-V90 -> 0 | Z90: =IF(Y90<0,((V90*P90)-((W90+X90)*P90)),0) -> 0 | AA90: =Q90*Z90 -> 0 | AB90: 2 | AC90: =Z90*AB90 -> 0 | AG90: =MID(O90,1,3)/1000 -> 0.154 | AH90: =(Z90*AG90)/1000 -> 0 | AI90: =V90*P90 -> 11760 | AK90: 66S03 | AL90: RES_KL3_FUR_FREEZE_RAW | AM90: =AG90*Z90 -> 0 | AN90: =B90 -> 45308 | AO90: 2 | AP90: 23/11/21 | AQ90: 12028328 | AR90: 12019692 | AT90: 12065371 | AV90: 12055895 | AW90: 12034747 | AX90: 12045309(248) | AY90: ปลอกสวม 12040669
A91: T | B91: 45309 | C91: 45324 | D91: =IF(B91="","",YEAR(B91)) -> 2024 | E91: =VLOOKUP($B91,Week!$A$1:$C$1462,2,0) -> Week3 | F91: =IF(B91="","",TEXT(B91,"[$-409]mmm")) -> Jan | G91: DRY2300678 | H91: USA | I91: CPFNW | J91: Bellisio | K91: C-WT in tray no egg | L91: Cooked Wonton | M91: COOKED WONTON 6 pcs. | N91: 082S8BW08012P00001 | O91: 117*2tray*8in | P91: 16 | Q91: 6 | R91: 0.00813 | S91: M | T91: Salt | U91: Sesame 15g | V91: =600-177 -> 423 | W91: 423 | Y91: =(W91+X91)-V91 -> 0 | Z91: =IF(Y91<0,((V91*P91)-((W91+X91)*P91)),0) -> 0 | AB91: 1 | AC91: =AB91*V91*P91 -> 6768 | AD91: cap 3000 tray/hr. | AG91: =MID(O91,1,3)/1000 -> 0.117 | AH91: =(Z91*AG91)/1000 -> 0 | AI91: =V91*P91 -> 6768 | AK91: 66S03 | AL91: RES_KL3_FUR_FREEZE_COOK | AM91: =AG91*Z91 -> 0 | AN91: =B91 -> 45309 | AO91: 2 | AR91: 12080450 | AT91: 12083198 | AV91: 12080491 | AX91: ซอง 12080447/ม้วน
B92: 45309 | C92: 45323 | D92: =IF(B92="","",YEAR(B92)) -> 2024 | E92: =VLOOKUP($B92,Week!$A$1:$C$1462,2,0) -> Week3 | F92: =IF(B92="","",TEXT(B92,"[$-409]mmm")) -> Jan | G92: DRY2300698 | H92: AUS | I92: CPFNW | J92: CPF Australia Pty Ltd. | K92: Minced ND+Kee Mao | L92: Cooked Wonton | M92: Cooked Minced Wonton Thai Spicy Noodles (Kee Mao Noodles) | N92: 082SR9U08003P02001 | O92: 219g*8 | P92: 8 | Q92: 3 | R92: 0.008 | S92: BK | T92: Salt | U92: Kee Mao 50G. | V92: =200 -> 200 | X92: =(1600)/8 -> 200 | Y92: =(W92+X92)-V92 -> 0 | Z92: =IF(Y92<0,((V92*P92)-((W92+X92)*P92)),0) -> 0 | AD92: รอ rd สรุป | AG92: =MID(O92,1,3)/1000 -> 0.219 | AH92: 0.26622 | AI92: =V92*P92 -> 1600 | AK92: 66S03 | AL92: RES_KL3_FUR_FREEZE_COOK | AM92: =AG92*Z92 -> 0 | AN92: =B92 -> 45309 | AO92: 2 | AP92: รอแบบ
B93: 45309 | C93: 45323 | D93: =IF(B93="","",YEAR(B93)) -> 2024 | E93: =VLOOKUP($B93,Week!$A$1:$C$1462,2,0) -> Week3 | F93: =IF(B93="","",TEXT(B93,"[$-409]mmm")) -> Jan | G93: DRY2300699 | H93: AUS | I93: CPFNW | J93: CPF Australia Pty Ltd. | K93: Minced ND+Kee Mao | L93: Cooked Wonton | M93: Cooked Minced Wonton Thai Spicy Noodles (Kee Mao Noodles) | N93: 082SR9U08003P02001 | O93: 219g*8 | P93: 8 | Q93: 3 | R93: 0.008 | S93: BK | T93: Salt | U93: Kee Mao 50G. | V93: =220 -> 220 | X93: =(3874-1600)/8 -> 284.25 | Y93: =(W93+X93)-V93 -> 64.25 | Z93: =IF(Y93<0,((V93*P93)-((W93+X93)*P93)),0) -> 0 | AD93: รอ rd สรุป | AG93: =MID(O93,1,3)/1000 -> 0.219 | AH93: 0.26622 | AI93: =V93*P93 -> 1760 | AK93: 66S03 | AL93: RES_KL3_FUR_FREEZE_COOK | AM93: =AG93*Z93 -> 0 | AN93: =B93 -> 45309 | AO93: 2 | AP93: รอแบบ
B94: 45309 | C94: 45324 | D94: =IF(B94="","",YEAR(B94)) -> 2024 | E94: =VLOOKUP($B94,Week!$A$1:$C$1462,2,0) -> Week3 | F94: =IF(B94="","",TEXT(B94,"[$-409]mmm")) -> Jan | G94: DRY2300697 | H94: New Zealand | I94: CPFNW | J94: Lim Brothers | K94: Minced ND+Kee Mao | L94: Cooked Wonton | M94: Cooked Minced Wonton Thai Spicy Noodles (Kee Mao Noodles) | N94: 082SRN708003P02001 | O94: 219g*8 | P94: 8 | Q94: 3 | R94: 0.006 | S94: BK | T94: Salt | U94: Kee Mao 50G. | V94: 300 | W94: =172 -> 172 | X94: =(103+1008)/8 -> 138.875 | Y94: =(W94+X94)-V94 -> 10.875 | Z94: =IF(Y94<0,((V94*P94)-((W94+X94)*P94)),0) -> 0 | AD94: NEWPACKAGE | AG94: =MID(O94,1,3)/1000 -> 0.219 | AH94: 0.26622 | AI94: =V94*P94 -> 2400 | AK94: 66S03 | AL94: RES_KL3_FUR_FREEZE_COOK | AM94: =AG94*Z94 -> 0 | AN94: =B94 -> 45309 | AO94: 2 | AP94: รอแบบ
B95: 45309 | C95: 45320 | D95: =IF(B95="","",YEAR(B95)) -> 2024 | E95: =VLOOKUP($B95,Week!$A$1:$C$1462,2,0) -> Week3 | F95: =IF(B95="","",TEXT(B95,"[$-409]mmm")) -> Jan | G95: DRY2300733 | H95: CAN | I95: CPFNW | J95: CP Foods Canada,Inc (CPFC) | K95: Wonton | L95: Cooked Wonton | M95: Wonton Soup (Enriched wonton sheet) | N95: 082S85336005P00001 | O95: 145g*6c*6in | P95: 36 | Q95: 5 | R95: 0.0075 | S95: HC | T95: Salt | U95: Y3 | V95: 1288 | W95: =1314-1288+58+1203+1 -> 1288 | Y95: =(W95+X95)-V95 -> 0 | Z95: =IF(Y95<0,((V95*P95)-((W95+X95)*P95)),0) -> 0 | AD95: NEWPACKAGE | AG95: =MID(O95,1,3)/1000 -> 0.145 | AH95: =(Z95*AG95)/1000 -> 0 | AI95: =V95*P95 -> 46368 | AK95: 66S03 | AL95: RES_KL3_FUR_FREEZE_COOK | AM95: =AG95*Z95 -> 0 | AN95: =B95 -> 45309 | AO95: 2 | AP95: 17/1/22 | AQ95: 12071839 | AR95: 12047514 | AS95: 12047515 | AT95: 12054919 | AV95: 12054869 | AW95: 12024404 | AY95: 12054815
B96: 45309 | C96: 45316 | D96: =IF(B96="","",YEAR(B96)) -> 2024 | E96: =VLOOKUP($B96,Week!$A$1:$C$1462,2,0) -> Week3 | F96: =IF(B96="","",TEXT(B96,"[$-409]mmm")) -> Jan | G96: DRY2300696 | H96: Japan | I96: CPFNW | J96: CPF JAPAN | K96: Wonton | L96: Cooked Wonton | M96: Cooked Wonton No Egg 5 pcs | N96: 082S85736005P00001 | O96: 148g*6c*6in | P96: 36 | Q96: 5 | R96: 0.008 | S96: M | T96: Salt | U96: Regular | V96: 1288 | W96: =99+1189 -> 1288 | Y96: =(W96+X96)-V96 -> 0 | Z96: =IF(Y96<0,((V96*P96)-((W96+X96)*P96)),0) -> 0 | AG96: =MID(O96,1,3)/1000 -> 0.148 | AH96: =(Z96*AG96)/1000 -> 0 | AI96: =V96*P96 -> 46368 | AK96: 66S03 | AL96: RES_KL3_FUR_FREEZE_COOK | AM96: =AG96*Z96 -> 0 | AN96: =B96 -> 45309 | AO96: 2 | AQ96: 12071839
A97: R | B97: 45309 | C97: 45321 | D97: =IF(B97="","",YEAR(B97)) -> 2024 | E97: =VLOOKUP($B97,Week!$A$1:$C$1462,2,0) -> Week3 | F97: =IF(B97="","",TEXT(B97,"[$-409]mmm")) -> Jan | G97: DRY2300680 | H97: Korea | I97: CPFNW | J97: Consumer Package Commerce | K97: R-Wonton egg past | L97: Raw Wonton | M97: Raw Wonton 12 pcs | N97: 082I93U40012P01001 | O97: 154g*40in | P97: 40 | Q97: 12 | R97: 0.00681 | S97: S | T97: STPP | U97: ซุปซอง 5g. | V97: 651 | W97: =651 -> 651 | Y97: =(W97+X97)-V97 -> 0 | Z97: =IF(Y97<0,((V97*P97)-((W97+X97)*P97)),0) -> 0 | AA97: =Q97*Z97 -> 0 | AB97: 2 | AC97: =Z97*AB97 -> 0 | AG97: =MID(O97,1,3)/1000 -> 0.154 | AH97: =(Z97*AG97)/1000 -> 0 | AI97: =V97*P97 -> 26040 | AK97: 66S03 | AL97: RES_KL3_FUR_FREEZE_RAW | AM97: =AG97*Z97 -> 0 | AN97: =B97 -> 45309 | AO97: 2 | AP97: 23/11/21 | AQ97: 12028328 | AR97: 12019692 | AT97: 12065371 | AV97: 12055895 | AW97: 12034747 | AX97: 12045309(248) | AY97: ปลอกสวม 12040669
A98: T | B98: 45310 | C98: 45323 | D98: =IF(B98="","",YEAR(B98)) -> 2024 | E98: =VLOOKUP($B98,Week!$A$1:$C$1462,2,0) -> Week3 | F98: =IF(B98="","",TEXT(B98,"[$-409]mmm")) -> Jan | G98: DRY2300699 | H98: AUS | I98: CPFNW | J98: CPF Australia Pty Ltd. | K98: C-Minced WT in tray no egg | L98: Cooked Wonton | M98: Cooked Minced Wonton in Tray 6 pcs + Sesame Sauce | N98: 082SK9U16006P00001 | O98: 117*2tray*8in | P98: 16 | Q98: 6 | R98: 0.00813 | S98: BK | T98: Salt | U98: Sesame 15g | V98: =150 -> 150 | W98: =150 -> 150 | Y98: =(W98+X98)-V98 -> 0 | Z98: =IF(Y98<0,((V98*P98)-((W98+X98)*P98)),0) -> 0 | AB98: 1 | AC98: =AB98*V98*P98 -> 2400 | AD98: cap 3000 tray/hr. อื่น 8,300 ถ้วย | AG98: =MID(O98,1,3)/1000 -> 0.117 | AH98: =(Z98*AG98)/1000 -> 0 | AI98: =V98*P98 -> 2400 | AK98: 66S03 | AL98: RES_KL3_FUR_FREEZE_COOK | AM98: =AG98*Z98 -> 0 | AN98: =B98 -> 45310 | AO98: 2 | AR98: 12080450 | AT98: 12083198 | AV98: 12080491 | AX98: ซอง 12080447/ม้วน
A99: T | B99: 45310 | C99: 45324 | D99: =IF(B99="","",YEAR(B99)) -> 2024 | E99: =VLOOKUP($B99,Week!$A$1:$C$1462,2,0) -> Week3 | F99: =IF(B99="","",TEXT(B99,"[$-409]mmm")) -> Jan | G99: DRY2300697 | H99: New Zealand | I99: CPFNW | J99: Lim Brothers | K99: C-Minced WT in tray no egg | L99: Cooked Wonton | M99: Cooked Minced Wonton in Tray 6 pcs + Sesame Sauce | N99: 082SKN716006P00001 | O99: 117*2tray*8in | P99: 16 | Q99: 6 | R99: 0.006 | S99: BK | T99: Salt | U99: Sesame 15g | V99: 600 | W99: =540+60 -> 600 | X99: =(346)/8 -> 43.25 | Y99: =(W99+X99)-V99 -> 43.25 | Z99: =IF(Y99<0,((V99*P99)-((W99+X99)*P99)),0) -> 0 | AB99: 1 | AC99: =AB99*V99*P99 -> 9600 | AD99: cap 3000 tray/hr. อื่น 8,300 ถ้วย | AG99: =MID(O99,1,3)/1000 -> 0.117 | AH99: =(Z99*AG99)/1000 -> 0 | AI99: =V99*P99 -> 9600 | AK99: 66S03 | AL99: RES_KL3_FUR_FREEZE_COOK | AM99: =AG99*Z99 -> 0 | AN99: =B99 -> 45310 | AO99: 2 | AR99: 12080450 | AT99: 12083198 | AV99: 12080491 | AX99: ซอง 12080447/ม้วน
B100: 45310 | C100: 45329 | D100: =IF(B100="","",YEAR(B100)) -> 2024 | E100: =VLOOKUP($B100,Week!$A$1:$C$1462,2,0) -> Week3 | F100: =IF(B100="","",TEXT(B100,"[$-409]mmm")) -> Jan | G100: DRY2300732 | H100: CAN | I100: CPFNW | J100: CP Foods Canada,Inc (CPFC) | K100: Wonton | L100: Cooked Wonton | M100: Wonton Soup (Enriched wonton sheet) | N100: 082S85336005P00001 | O100: 145g*6c*6in | P100: 36 | Q100: 5 | R100: 0.0075 | S100: HC | T100: Salt | U100: Y3 | V100: 1288 | W100: 1288 | Y100: =(W100+X100)-V100 -> 0 | Z100: =IF(Y100<0,((V100*P100)-((W100+X100)*P100)),0) -> 0 | AD100: NEWPACKAGE | AG100: =MID(O100,1,3)/1000 -> 0.145 | AH100: =(Z100*AG100)/1000 -> 0 | AI100: =V100*P100 -> 46368 | AK100: 66S03 | AL100: RES_KL3_FUR_FREEZE_COOK | AM100: =AG100*Z100 -> 0 | AN100: =B100 -> 45310 | AO100: 2 | AP100: 17/1/22 | AQ100: 12071839 | AR100: 12047514 | AS100: 12047515 | AT100: 12054919 | AV100: 12054869 | AW100: 12024404 | AY100: 12054815
...

Sheet Sheet2
C1: CIP | D1: COP | E1: เตรียมไลน์ ต้มน้ำ ทำความเย็น | F1: ผลิต | G1: cap / Hr | I1: เดิมวางไว้ | J1: Dif
B2: 46041 | C2: 6 | D2: 8 | E2: 2 | F2: 14 | G2: =8300 -> 8300 | H2: =F2*G2 -> 116200 | I2: =140000 -> 140000 | J2: =H2-I2 -> -23800
B3: 46042 | C3: 6 | D3: 8 | E3: 2 | F3: 14 | G3: =8300 -> 8300 | H3: =F3*G3 -> 116200 | I3: =140000 -> 140000 | J3: =H3-I3 -> -23800
B4: 46043 | C4: 6 | D4: 8 | E4: 2 | F4: 14 | G4: =8300 -> 8300 | H4: =74784 -> 74784 | I4: =140000 -> 140000 | J4: =H4-I4 -> -65216
B5: 46044 | C5: 6 | D5: 8 | E5: 2 | F5: 14 | G5: =8300 -> 8300 | H5: =74784 -> 74784 | I5: =140000 -> 140000 | J5: =H5-I5 -> -65216
B6: 46045 | C6: 6 | D6: 8 | E6: 2 | F6: 14 | G6: =8300 -> 8300 | H6: =74784 -> 74784 | I6: =140000 -> 140000 | J6: =H6-I6 -> -65216
B7: 46046 | C7: 6 | D7: 8 | E7: 2 | F7: 14 | G7: =8300 -> 8300 | H7: =F7*G7 -> 116200 | I7: =140000 -> 140000 | J7: =H7-I7 -> -23800
C8: รวม 2 กิจกรรม 8 ชม.
G9: รวม | H9: =SUM(H2:H8) -> 572952 | I9: =SUM(I2:I8) -> 840000 | J9: =SUM(J2:J8) -> -267048
B11: หลังจากวีคนี้ สุก2กะ | C11: 6 | D11: 8 | E11: 2 | F11: 14 | G11: =8300 -> 8300 | H11: =F11*G11 -> 116200 | I11: =140000 -> 140000 | J11: =H11-I11 -> -23800
B13: หลังจากวีคนี้ สุก1กะ/ดิบ 1กะ | C13: 6 | D13: 8 | E13: 2 | F13: 10 | G13: =8300 -> 8300 | H13: =F13*G13 -> 83000 | I13: =83000 -> 83000 | J13: =H13-I13 -> 0
B14: สินค้าที่เข้ามาใหม่ทำให้ใช้ CAP ที่มีมากกว่าสินค้าอื่น เส้นมันหมาล่า เย็นตาโฟ ขี้เมาUK

Sheet RM & PD
B3: Column Labels | Q3: Raw Wonton | U3: Cooked Wonton
B4: Sum of WT/ PD | H4: Sum of WT/ HO | N4: Total Sum of WT/ PD | O4: Total Sum of WT/ HO
A5: Row Labels | B5: BK | C5: HC | D5: JB | E5: M | F5: S | G5: SS | H5: BK | I5: HC | J5: JB | K5: M | L5: S | M5: SS | Q5: Group2 | R5: Raw Wonton | U5: Group2 | V5: Cooked Wonton
A6: 2024 | S6: =300000 -> 300000 | T6: จำนวนกะ | W6: =8300*8 -> 66400 | X6: จำนวนกะ | Y6: รวมจำนวนกะ
A7: 2025 | B7: 0.000864 | C7: 0 | D7: 0 | E7: 7.2e-05 | F7: 0.00196128 | G7: 0 | H7: 0.0016 | I7: 0 | J7: 0 | K7: 0.00013333333 | L7: 0.003632 | M7: 0 | N7: 0.00289728 | O7: 0.0053653333 | Q7: Date | R7: short inner | S7: short PCS. | U7: Date | V7: short cup | W7: short PCS.
A8: 2026 | Q8: 2026 | U8: 2026
A9: Jan | B9: 0 | C9: 0 | E9: 0 | F9: 0 | G9: 0 | H9: 0 | I9: 0 | K9: 0 | L9: 0 | M9: 0 | N9: 0 | O9: 0 | Q9: Jan | R9: 0 | S9: 0 | U9: Jan | V9: 0 | W9: 0
A10: Feb | B10: 0 | C10: 0 | D10: 0 | E10: 0 | F10: 0 | G10: 0 | H10: 0 | I10: 0 | J10: 0 | K10: 0 | L10: 0 | M10: 0 | N10: 0 | O10: 0 | Q10: Feb | R10: 0 | S10: 0 | U10: Feb | V10: 0 | W10: 0
A11: Mar | B11: 0 | C11: 0 | D11: 0 | E11: 0 | F11: 0 | G11: 0 | H11: 0 | I11: 0 | J11: 0 | K11: 0 | L11: 0 | M11: 0 | N11: 0 | O11: 0 | Q11: Mar | R11: 0 | S11: 0 | U11: Mar | V11: 0 | W11: 0
A12: Apr | B12: 0 | C12: 0 | D12: 0 | E12: 0 | F12: 0 | G12: 0 | H12: 0 | I12: 0 | J12: 0 | K12: 0 | L12: 0 | M12: 0 | N12: 0 | O12: 0 | Q12: Apr | R12: 0 | S12: 0 | U12: Apr | V12: 0 | W12: 0
A13: May | B13: 0 | C13: 0 | D13: 0 | E13: 0 | F13: 0 | G13: 0 | H13: 0 | I13: 0 | J13: 0 | K13: 0 | L13: 0 | M13: 0 | N13: 0 | O13: 0 | Q13: May | R13: 0 | S13: 0 | U13: May | V13: 0 | W13: 0
A14: Jun | B14: 0 | C14: 0 | E14: 0 | F14: 0 | G14: 0 | H14: 0 | I14: 0 | K14: 0 | L14: 0 | M14: 0 | N14: 0 | O14: 0 | Q14: Jun | R14: 0 | S14: 0 | U14: Jun | V14: 0 | W14: 0
A15: Jul | B15: 0 | C15: 0 | D15: 0 | E15: 0 | F15: 0 | G15: 0 | H15: 0 | I15: 0 | J15: 0 | K15: 0 | L15: 0 | M15: 0 | N15: 0 | O15: 0 | Q15: Jul | R15: 0 | S15: 0 | U15: Jul | V15: 0 | W15: 0
A16: Aug | B16: 0.033948 | C16: 0 | E16: 0 | F16: 0 | G16: 0 | H16: 0.062866667 | I16: 0 | K16: 0 | L16: 0 | M16: 0 | N16: 0.033948 | O16: 0.062866667 | Q16: Aug | R16: 0 | S16: 0 | T16: =GETPIVOTDATA("short PCS.",$Q$7,"year",2026,"Month","Aug")/S6 -> 0 | U16: Aug | V16: 1886 | W16: 5658 | X16: =GETPIVOTDATA("short cup",$U$7,"year",2026,"Month","Aug")/W6 -> 0.028403614 | Y16: =T16+X16 -> 0.028403614
A17: Sep | B17: 5.1198444 | C17: 17.401103 | E17: 16.151322 | F17: 10.35801 | G17: 9.3577344 | H17: 9.4811933 | I17: 32.224264 | K17: 29.909855 | L17: 19.1815 | M17: 17.329138 | N17: 58.388013 | O17: 108.12595 | Q17: Sep | R17: 93380 | S17: 1897320 | T17: =GETPIVOTDATA("short PCS.",$Q$7,"year",2026,"Month","Sep")/S6 -> 6.3244 | U17: Sep | V17: 1383460 | W17: 6396617 | X17: =GETPIVOTDATA("short cup",$U$7,"year",2026,"Month","Sep")/W6 -> 20.835241 | Y17: =T17+X17 -> 27.159641
A18: Oct | B18: 3.35556 | C18: 14.6934 | E18: 36.487608 | F18: 17.727792 | G18: 25.317456 | H18: 6.214 | I18: 27.21 | K18: 67.569644 | L18: 32.829244 | M18: 46.884178 | N18: 97.581816 | O18: 180.70707 | Q18: Oct | R18: 220120 | S18: 3968800 | T18: =GETPIVOTDATA("short PCS.",$Q$7,"year",2026,"Month","Oct")/S6 -> 13.229333 | U18: Oct | V18: 2034660 | W18: 9745920 | X18: =GETPIVOTDATA("short cup",$U$7,"year",2026,"Month","Oct")/W6 -> 30.64247 | Y18: =T18+X18 -> 43.871803
A19: Nov | B19: 2.535024 | H19: 4.6944889 | N19: 2.535024 | O19: 4.6944889 | Q19: Dec | R19: 257980 | S19: 3177360 | T19: =GETPIVOTDATA("short PCS.",$Q$7,"year",2026,"Month","Dec")/S6 -> 10.5912 | U19: Nov | V19: 108760 | W19: 416120 | X19: =GETPIVOTDATA("short cup",$U$7,"year",2026,"Month","Nov")/W6 -> 1.6379518 | Y19: =T19+X19 -> 12.229152
A20: Dec | B20: 4.75704 | C20: 6.4056 | E20: 33.280169 | F20: 4.396536 | G20: 10.37136 | H20: 8.8093333 | I20: 11.862222 | K20: 61.629942 | L20: 8.1417333 | M20: 19.206222 | N20: 59.210705 | O20: 109.64945 | Q20: 2027 | U20: Dec | V20: 1049696 | W20: 4989368 | X20: =GETPIVOTDATA("short cup",$U$7,"year",2026,"Month","Dec")/W6 -> 15.808675 | Y20: =T20+X20 -> 15.808675
A21: 2027 | Q21: Jan | R21: 433196 | S21: 5681168 | T21: =GETPIVOTDATA("short PCS.",$Q$7,"year",2027,"Month","Jan")/S6 -> 18.937227 | U21: 2027
A22: Jan | B22: 10.197624 | C22: 5.508 | D22: 5.76 | E22: 19.557658 | F22: 30.000284 | G22: 10.37136 | H22: 18.884489 | I22: 10.2 | J22: 10.666667 | K22: 36.217884 | L22: 55.556081 | M22: 19.206222 | N22: 81.394925 | O22: 150.73134 | Q22: Feb | R22: 25400 | S22: 283200 | T22: =GETPIVOTDATA("short PCS.",$Q$7,"year",2027,"Month","Feb")/S6 -> 0.944 | U22: Jan | V22: 1239292 | W22: 5635820 | X22: =GETPIVOTDATA("short cup",$U$7,"year",2027,"Month","Jan")/W6 -> 18.664036 | Y22: =T22+X22 -> 19.608036
A23: Feb | B23: 4.06188 | C23: 6.16524 | E23: 13.73628 | F23: 1.6344 | G23: 10.37136 | H23: 7.522 | I23: 11.417111 | K23: 25.437556 | L23: 3.0266667 | M23: 19.206222 | N23: 35.96916 | O23: 66.609556 | Q23: Grand Total | R23: 1030076 | S23: 15007848 | T23: =GETPIVOTDATA("short PCS.",$Q$7,"year",2027,"Month","Feb")/S6 -> 0.944 | U23: Feb | V23: 1038584 | W23: 4910572 | X23: =GETPIVOTDATA("short cup",$U$7,"year",2027,"Month","Feb")/W6 -> 15.641325 | Y23: =T23+X23 -> 16.585325
A24: Grand Total | B24: 30.061784 | C24: 50.173343 | D24: 5.76 | E24: 119.21311 | F24: 64.118983 | G24: 65.78927 | H24: 55.669971 | I24: 92.913597 | J24: 10.666667 | K24: 220.76501 | L24: 118.73886 | M24: 121.83198 | N24: 335.11649 | O24: 620.58609 | U24: Grand Total | V24: 6856338 | W24: 32100075

Sheet Sheet5
A3: Sum of KG
A4: แผนผลิต Date | B4: RM | C4: Total
A5: 46279 | B5: (blank)
A6: 46280 | B6: (blank)
A7: 46281 | B7: Aubergine | C7: 1518.6667
A8: 46282 | B8: BK | C8: 1333.3333
B9: S | C9: 2855.1556
B10: SS | C10: 1102.2222
A11: 46283 | B11: BK | C11: 1333.3333
B12: S | C12: 3450.4
A13: 46284 | B13: BK | C13: 1089.5467
B14: HC | C14: 1980
B15: M | C15: 3637.037
A16: 46285 | B16: BK | C16: 1045.1133
B17: HC | C17: 5940

Sheet Assortment
A1: =IF(A3>0,"Week "&WEEKNUM(A3,1)," ") -> Week 37 | C1: =IF(C3>0,"Week "&WEEKNUM(C3,1)," ") -> Week 37 | E1: =IF(E3>0,"Week "&WEEKNUM(E3,1)," ") -> Week 38 | G1: =IF(G3>0,"Week "&WEEKNUM(G3,1)," ") -> Week 38 | I1: =IF(I3>0,"Week "&WEEKNUM(I3,1)," ") -> Week 38 | K1: =IF(K3>0,"Week "&WEEKNUM(K3,1)," ") -> Week 38
A3: 46275 | B3: =TEXT(B4,"ddd") -> พฤ. | C3: 46276 | D3: =TEXT(D4,"ddd") -> ศ. | E3: 46279 | F3: =TEXT(F4,"ddd") -> จ. | G3: 46280 | H3: =TEXT(H4,"ddd") -> อ. | I3: 46280 | J3: =TEXT(J4,"ddd") -> อ. | K3: 46281 | L3: =TEXT(L4,"ddd") -> พ. | M3: 46282 | N3: =TEXT(N4,"ddd") -> พฤ. | O3: Total
A4: วันที่ | B4: =A3 -> 46275 | C4: วันที่ | D4: =C3 -> 46276 | E4: วันที่ | F4: =E3 -> 46279 | G4: วันที่ | H4: =G3 -> 46280 | I4: วันที่ | J4: =I3 -> 46280 | K4: วันที่ | L4: =K3 -> 46281 | M4: วันที่ | N4: =M3 -> 46282
A5: ฟาร์ม | B5: ณรรฐพงษ์ฟาร์ม (กีระติ บุญนิมิตร) | C5: ฟาร์ม | D5: สิริชัย เลิศชัยพัฒนกุล | E5: ฟาร์ม | F5: ณรรฐพงษ์ฟาร์ม (กีระติ บุญนิมิตร) | G5: ฟาร์ม | H5: ลูกกระต่ายฟาร์ม-พัชรินทร์ จินดาพรรณ | I5: ฟาร์ม | J5: ลูกกระต่ายฟาร์ม-พัชรินทร์ จินดาพรรณ | K5: ฟาร์ม | L5: ลูกกระต่ายฟาร์ม-พัชรินทร์ จินดาพรรณ | M5: ฟาร์ม | N5: ลูกกระต่ายฟาร์ม-พัชรินทร์ จินดาพรรณ
A6: จังหวัด | B6: จันทบุรี | C6: จังหวัด | D6: ตราด | E6: จังหวัด | F6: จันทบุรี | G6: จังหวัด | H6: จันทบุรี | I6: จังหวัด | J6: จันทบุรี | K6: จังหวัด | L6: จันทบุรี | M6: จังหวัด | N6: จันทบุรี
A7: บ่อ | C7: บ่อ | E7: บ่อ | G7: บ่อ | I7: บ่อ | K7: บ่อ | M7: บ่อ
A8: size | B8: 80 | C8: size | D8: 80 | E8: size | F8: 80 | G8: size | H8: 80 | I8: size | J8: 80 | K8: size | L8: 80 | M8: size | N8: 80
A9: การจับ | B9: Closed | C9: การจับ | D9: Closed | E9: การจับ | F9: Closed | G9: การจับ | H9: Closed | I9: การจับ | J9: Closed | K9: การจับ | L9: Closed | M9: การจับ | N9: Closed
A10: ปริมาณ(กก.) | B10: 6000 | C10: ปริมาณ(กก.) | D10: 5500 | E10: ปริมาณ(กก.) | F10: 6000 | G10: ปริมาณ(กก.) | H10: 5000 | I10: ปริมาณ(กก.) | J10: 5000 | K10: ปริมาณ(กก.) | L10: 5000 | M10: ปริมาณ(กก.) | N10: 5000 | U10: Category
A11: 46-50 | B11: =IFERROR($B$10*INDEX([2]Master!$B$3:$T$21,MATCH($A11,[2]Master!$A$3:$A$21,0),MATCH("S."&B$8,[2]Master!$B$2:$T$2,0)),0) -> 0 | C11: 46-50 | D11: =IFERROR($D$10*INDEX([2]Master!$B$3:$T$21,MATCH($A11,[2]Master!$A$3:$A$21,0),MATCH("S."&D$8,[2]Master!$B$2:$T$2,0)),0) -> 0 | E11: 46-50 | F11: =IFERROR($F$10*INDEX([2]Master!$B$3:$T$21,MATCH($A11,[2]Master!$A$3:$A$21,0),MATCH("S."&F$8,[2]Master!$B$2:$T$2,0)),0) -> 0 | G11: 46-50 | H11: =IFERROR($H$10*INDEX([2]Master!$B$3:$T$21,MATCH($A11,[2]Master!$A$3:$A$21,0),MATCH("S."&H$8,[2]Master!$B$2:$T$2,0)),0) -> 0 | I11: 46-50 | J11: =IFERROR($J$10*INDEX([2]Master!$B$3:$T$21,MATCH($A11,[2]Master!$A$3:$A$21,0),MATCH("S."&J$8,[2]Master!$B$2:$T$2,0)),0) -> 0 | K11: 46-50 | L11: =IFERROR($J$10*INDEX([2]Master!$B$3:$T$21,MATCH($A11,[2]Master!$A$3:$A$21,0),MATCH("S."&L$8,[2]Master!$B$2:$T$2,0)),0) -> 0 | M11: 46-50 | N11: =IFERROR($J$10*INDEX([2]Master!$B$3:$T$21,MATCH($A11,[2]Master!$A$3:$A$21,0),MATCH("S."&N$8,[2]Master!$B$2:$T$2,0)),0) -> 0 | O11: =SUM(B11:N11) -> 0
A12: 51-55 | B12: =IFERROR($B$10*INDEX([2]Master!$B$3:$T$21,MATCH($A12,[2]Master!$A$3:$A$21,0),MATCH("S."&B$8,[2]Master!$B$2:$T$2,0)),0) -> 213.7883 | C12: 51-55 | D12: =IFERROR($D$10*INDEX([2]Master!$B$3:$T$21,MATCH($A12,[2]Master!$A$3:$A$21,0),MATCH("S."&D$8,[2]Master!$B$2:$T$2,0)),0) -> 195.97261 | E12: 51-55 | F12: =IFERROR($F$10*INDEX([2]Master!$B$3:$T$21,MATCH($A12,[2]Master!$A$3:$A$21,0),MATCH("S."&F$8,[2]Master!$B$2:$T$2,0)),0) -> 213.7883 | G12: 51-55 | H12: =IFERROR($H$10*INDEX([2]Master!$B$3:$T$21,MATCH($A12,[2]Master!$A$3:$A$21,0),MATCH("S."&H$8,[2]Master!$B$2:$T$2,0)),0) -> 178.15692 | I12: 51-55 | J12: =IFERROR($J$10*INDEX([2]Master!$B$3:$T$21,MATCH($A12,[2]Master!$A$3:$A$21,0),MATCH("S."&J$8,[2]Master!$B$2:$T$2,0)),0) -> 178.15692 | K12: 51-55 | L12: =IFERROR($J$10*INDEX([2]Master!$B$3:$T$21,MATCH($A12,[2]Master!$A$3:$A$21,0),MATCH("S."&L$8,[2]Master!$B$2:$T$2,0)),0) -> 178.15692 | M12: 51-55 | N12: =IFERROR($J$10*INDEX([2]Master!$B$3:$T$21,MATCH($A12,[2]Master!$A$3:$A$21,0),MATCH("S."&N$8,[2]Master!$B$2:$T$2,0)),0) -> 178.15692 | O12: =SUM(B12:N12) -> 1336.1769 | U12: M
A13: 56-60 | B13: =IFERROR($B$10*INDEX([2]Master!$B$3:$T$21,MATCH($A13,[2]Master!$A$3:$A$21,0),MATCH("S."&B$8,[2]Master!$B$2:$T$2,0)),0) -> 242.37378 | C13: 56-60 | D13: =IFERROR($D$10*INDEX([2]Master!$B$3:$T$21,MATCH($A13,[2]Master!$A$3:$A$21,0),MATCH("S."&D$8,[2]Master!$B$2:$T$2,0)),0) -> 222.17596 | E13: 56-60 | F13: =IFERROR($F$10*INDEX([2]Master!$B$3:$T$21,MATCH($A13,[2]Master!$A$3:$A$21,0),MATCH("S."&F$8,[2]Master!$B$2:$T$2,0)),0) -> 242.37378 | G13: 56-60 | H13: =IFERROR($H$10*INDEX([2]Master!$B$3:$T$21,MATCH($A13,[2]Master!$A$3:$A$21,0),MATCH("S."&H$8,[2]Master!$B$2:$T$2,0)),0) -> 201.97815 | I13: 56-60 | J13: =IFERROR($J$10*INDEX([2]Master!$B$3:$T$21,MATCH($A13,[2]Master!$A$3:$A$21,0),MATCH("S."&J$8,[2]Master!$B$2:$T$2,0)),0) -> 201.97815 | K13: 56-60 | L13: =IFERROR($J$10*INDEX([2]Master!$B$3:$T$21,MATCH($A13,[2]Master!$A$3:$A$21,0),MATCH("S."&L$8,[2]Master!$B$2:$T$2,0)),0) -> 201.97815 | M13: 56-60 | N13: =IFERROR($J$10*INDEX([2]Master!$B$3:$T$21,MATCH($A13,[2]Master!$A$3:$A$21,0),MATCH("S."&N$8,[2]Master!$B$2:$T$2,0)),0) -> 201.97815 | O13: =SUM(B13:N13) -> 1514.8361 | U13: M
A14: 61-65 | B14: =IFERROR($B$10*INDEX([2]Master!$B$3:$T$21,MATCH($A14,[2]Master!$A$3:$A$21,0),MATCH("S."&B$8,[2]Master!$B$2:$T$2,0)),0) -> 51.290888 | C14: 61-65 | D14: =IFERROR($D$10*INDEX([2]Master!$B$3:$T$21,MATCH($A14,[2]Master!$A$3:$A$21,0),MATCH("S."&D$8,[2]Master!$B$2:$T$2,0)),0) -> 47.016647 | E14: 61-65 | F14: =IFERROR($F$10*INDEX([2]Master!$B$3:$T$21,MATCH($A14,[2]Master!$A$3:$A$21,0),MATCH("S."&F$8,[2]Master!$B$2:$T$2,0)),0) -> 51.290888 | G14: 61-65 | H14: =IFERROR($H$10*INDEX([2]Master!$B$3:$T$21,MATCH($A14,[2]Master!$A$3:$A$21,0),MATCH("S."&H$8,[2]Master!$B$2:$T$2,0)),0) -> 42.742406 | I14: 61-65 | J14: =IFERROR($J$10*INDEX([2]Master!$B$3:$T$21,MATCH($A14,[2]Master!$A$3:$A$21,0),MATCH("S."&J$8,[2]Master!$B$2:$T$2,0)),0) -> 42.742406 | K14: 61-65 | L14: =IFERROR($J$10*INDEX([2]Master!$B$3:$T$21,MATCH($A14,[2]Master!$A$3:$A$21,0),MATCH("S."&L$8,[2]Master!$B$2:$T$2,0)),0) -> 42.742406 | M14: 61-65 | N14: =IFERROR($J$10*INDEX([2]Master!$B$3:$T$21,MATCH($A14,[2]Master!$A$3:$A$21,0),MATCH("S."&N$8,[2]Master!$B$2:$T$2,0)),0) -> 42.742406 | O14: =SUM(B14:N14) -> 320.56805 | U14: M
A15: 66-70 | B15: =IFERROR($B$10*INDEX([2]Master!$B$3:$T$21,MATCH($A15,[2]Master!$A$3:$A$21,0),MATCH("S."&B$8,[2]Master!$B$2:$T$2,0)),0) -> 2165.646 | C15: 66-70 | D15: =IFERROR($D$10*INDEX([2]Master!$B$3:$T$21,MATCH($A15,[2]Master!$A$3:$A$21,0),MATCH("S."&D$8,[2]Master!$B$2:$T$2,0)),0) -> 1985.1755 | E15: 66-70 | F15: =IFERROR($F$10*INDEX([2]Master!$B$3:$T$21,MATCH($A15,[2]Master!$A$3:$A$21,0),MATCH("S."&F$8,[2]Master!$B$2:$T$2,0)),0) -> 2165.646 | G15: 66-70 | H15: =IFERROR($H$10*INDEX([2]Master!$B$3:$T$21,MATCH($A15,[2]Master!$A$3:$A$21,0),MATCH("S."&H$8,[2]Master!$B$2:$T$2,0)),0) -> 1804.705 | I15: 66-70 | J15: =IFERROR($J$10*INDEX([2]Master!$B$3:$T$21,MATCH($A15,[2]Master!$A$3:$A$21,0),MATCH("S."&J$8,[2]Master!$B$2:$T$2,0)),0) -> 1804.705 | K15: 66-70 | L15: =IFERROR($J$10*INDEX([2]Master!$B$3:$T$21,MATCH($A15,[2]Master!$A$3:$A$21,0),MATCH("S."&L$8,[2]Master!$B$2:$T$2,0)),0) -> 1804.705 | M15: 66-70 | N15: =IFERROR($J$10*INDEX([2]Master!$B$3:$T$21,MATCH($A15,[2]Master!$A$3:$A$21,0),MATCH("S."&N$8,[2]Master!$B$2:$T$2,0)),0) -> 1804.705 | O15: =SUM(B15:N15) -> 13535.288 | U15: M
A16: 71-75 | B16: =IFERROR($B$10*INDEX([2]Master!$B$3:$T$21,MATCH($A16,[2]Master!$A$3:$A$21,0),MATCH("S."&B$8,[2]Master!$B$2:$T$2,0)),0) -> 191.4277 | C16: 71-75 | D16: =IFERROR($D$10*INDEX([2]Master!$B$3:$T$21,MATCH($A16,[2]Master!$A$3:$A$21,0),MATCH("S."&D$8,[2]Master!$B$2:$T$2,0)),0) -> 175.47539 | E16: 71-75 | F16: =IFERROR($F$10*INDEX([2]Master!$B$3:$T$21,MATCH($A16,[2]Master!$A$3:$A$21,0),MATCH("S."&F$8,[2]Master!$B$2:$T$2,0)),0) -> 191.4277 | G16: 71-75 | H16: =IFERROR($H$10*INDEX([2]Master!$B$3:$T$21,MATCH($A16,[2]Master!$A$3:$A$21,0),MATCH("S."&H$8,[2]Master!$B$2:$T$2,0)),0) -> 159.52308 | I16: 71-75 | J16: =IFERROR($J$10*INDEX([2]Master!$B$3:$T$21,MATCH($A16,[2]Master!$A$3:$A$21,0),MATCH("S."&J$8,[2]Master!$B$2:$T$2,0)),0) -> 159.52308 | K16: 71-75 | L16: =IFERROR($J$10*INDEX([2]Master!$B$3:$T$21,MATCH($A16,[2]Master!$A$3:$A$21,0),MATCH("S."&L$8,[2]Master!$B$2:$T$2,0)),0) -> 159.52308 | M16: 71-75 | N16: =IFERROR($J$10*INDEX([2]Master!$B$3:$T$21,MATCH($A16,[2]Master!$A$3:$A$21,0),MATCH("S."&N$8,[2]Master!$B$2:$T$2,0)),0) -> 159.52308 | O16: =SUM(B16:N16) -> 1196.4231 | U16: M
A17: 76-80 | B17: =IFERROR($B$10*INDEX([2]Master!$B$3:$T$21,MATCH($A17,[2]Master!$A$3:$A$21,0),MATCH("S."&B$8,[2]Master!$B$2:$T$2,0)),0) -> 1635.8885 | C17: 76-80 | D17: =IFERROR($D$10*INDEX([2]Master!$B$3:$T$21,MATCH($A17,[2]Master!$A$3:$A$21,0),MATCH("S."&D$8,[2]Master!$B$2:$T$2,0)),0) -> 1499.5644 | E17: 76-80 | F17: =IFERROR($F$10*INDEX([2]Master!$B$3:$T$21,MATCH($A17,[2]Master!$A$3:$A$21,0),MATCH("S."&F$8,[2]Master!$B$2:$T$2,0)),0) -> 1635.8885 | G17: 76-80 | H17: =IFERROR($H$10*INDEX([2]Master!$B$3:$T$21,MATCH($A17,[2]Master!$A$3:$A$21,0),MATCH("S."&H$8,[2]Master!$B$2:$T$2,0)),0) -> 1363.2404 | I17: 76-80 | J17: =IFERROR($J$10*INDEX([2]Master!$B$3:$T$21,MATCH($A17,[2]Master!$A$3:$A$21,0),MATCH("S."&J$8,[2]Master!$B$2:$T$2,0)),0) -> 1363.2404 | K17: 76-80 | L17: =IFERROR($J$10*INDEX([2]Master!$B$3:$T$21,MATCH($A17,[2]Master!$A$3:$A$21,0),MATCH("S."&L$8,[2]Master!$B$2:$T$2,0)),0) -> 1363.2404 | M17: 76-80 | N17: =IFERROR($J$10*INDEX([2]Master!$B$3:$T$21,MATCH($A17,[2]Master!$A$3:$A$21,0),MATCH("S."&N$8,[2]Master!$B$2:$T$2,0)),0) -> 1363.2404 | O17: =SUM(B17:N17) -> 10224.303 | U17: S/SS
A18: 81-85 | B18: =IFERROR($B$10*INDEX([2]Master!$B$3:$T$21,MATCH($A18,[2]Master!$A$3:$A$21,0),MATCH("S."&B$8,[2]Master!$B$2:$T$2,0)),0) -> 200.00608 | C18: 81-85 | D18: =IFERROR($D$10*INDEX([2]Master!$B$3:$T$21,MATCH($A18,[2]Master!$A$3:$A$21,0),MATCH("S."&D$8,[2]Master!$B$2:$T$2,0)),0) -> 183.33891 | E18: 81-85 | F18: =IFERROR($F$10*INDEX([2]Master!$B$3:$T$21,MATCH($A18,[2]Master!$A$3:$A$21,0),MATCH("S."&F$8,[2]Master!$B$2:$T$2,0)),0) -> 200.00608 | G18: 81-85 | H18: =IFERROR($H$10*INDEX([2]Master!$B$3:$T$21,MATCH($A18,[2]Master!$A$3:$A$21,0),MATCH("S."&H$8,[2]Master!$B$2:$T$2,0)),0) -> 166.67174 | I18: 81-85 | J18: =IFERROR($J$10*INDEX([2]Master!$B$3:$T$21,MATCH($A18,[2]Master!$A$3:$A$21,0),MATCH("S."&J$8,[2]Master!$B$2:$T$2,0)),0) -> 166.67174 | K18: 81-85 | L18: =IFERROR($J$10*INDEX([2]Master!$B$3:$T$21,MATCH($A18,[2]Master!$A$3:$A$21,0),MATCH("S."&L$8,[2]Master!$B$2:$T$2,0)),0) -> 166.67174 | M18: 81-85 | N18: =IFERROR($J$10*INDEX([2]Master!$B$3:$T$21,MATCH($A18,[2]Master!$A$3:$A$21,0),MATCH("S."&N$8,[2]Master!$B$2:$T$2,0)),0) -> 166.67174 | O18: =SUM(B18:N18) -> 1250.038 | U18: S/SS
A19: 86-90 | B19: =IFERROR($B$10*INDEX([2]Master!$B$3:$T$21,MATCH($A19,[2]Master!$A$3:$A$21,0),MATCH("S."&B$8,[2]Master!$B$2:$T$2,0)),0) -> 9.1759492 | C19: 86-90 | D19: =IFERROR($D$10*INDEX([2]Master!$B$3:$T$21,MATCH($A19,[2]Master!$A$3:$A$21,0),MATCH("S."&D$8,[2]Master!$B$2:$T$2,0)),0) -> 8.4112868 | E19: 86-90 | F19: =IFERROR($F$10*INDEX([2]Master!$B$3:$T$21,MATCH($A19,[2]Master!$A$3:$A$21,0),MATCH("S."&F$8,[2]Master!$B$2:$T$2,0)),0) -> 9.1759492 | G19: 86-90 | H19: =IFERROR($H$10*INDEX([2]Master!$B$3:$T$21,MATCH($A19,[2]Master!$A$3:$A$21,0),MATCH("S."&H$8,[2]Master!$B$2:$T$2,0)),0) -> 7.6466244 | I19: 86-90 | J19: =IFERROR($J$10*INDEX([2]Master!$B$3:$T$21,MATCH($A19,[2]Master!$A$3:$A$21,0),MATCH("S."&J$8,[2]Master!$B$2:$T$2,0)),0) -> 7.6466244 | K19: 86-90 | L19: =IFERROR($J$10*INDEX([2]Master!$B$3:$T$21,MATCH($A19,[2]Master!$A$3:$A$21,0),MATCH("S."&L$8,[2]Master!$B$2:$T$2,0)),0) -> 7.6466244 | M19: 86-90 | N19: =IFERROR($J$10*INDEX([2]Master!$B$3:$T$21,MATCH($A19,[2]Master!$A$3:$A$21,0),MATCH("S."&N$8,[2]Master!$B$2:$T$2,0)),0) -> 7.6466244 | O19: =SUM(B19:N19) -> 57.349683 | U19: S/SS
A20: 91-95 | B20: =IFERROR($B$10*INDEX([2]Master!$B$3:$T$21,MATCH($A20,[2]Master!$A$3:$A$21,0),MATCH("S."&B$8,[2]Master!$B$2:$T$2,0)),0) -> 792.09426 | C20: 91-95 | D20: =IFERROR($D$10*INDEX([2]Master!$B$3:$T$21,MATCH($A20,[2]Master!$A$3:$A$21,0),MATCH("S."&D$8,[2]Master!$B$2:$T$2,0)),0) -> 726.08641 | E20: 91-95 | F20: =IFERROR($F$10*INDEX([2]Master!$B$3:$T$21,MATCH($A20,[2]Master!$A$3:$A$21,0),MATCH("S."&F$8,[2]Master!$B$2:$T$2,0)),0) -> 792.09426 | G20: 91-95 | H20: =IFERROR($H$10*INDEX([2]Master!$B$3:$T$21,MATCH($A20,[2]Master!$A$3:$A$21,0),MATCH("S."&H$8,[2]Master!$B$2:$T$2,0)),0) -> 660.07855 | I20: 91-95 | J20: =IFERROR($J$10*INDEX([2]Master!$B$3:$T$21,MATCH($A20,[2]Master!$A$3:$A$21,0),MATCH("S."&J$8,[2]Master!$B$2:$T$2,0)),0) -> 660.07855 | K20: 91-95 | L20: =IFERROR($J$10*INDEX([2]Master!$B$3:$T$21,MATCH($A20,[2]Master!$A$3:$A$21,0),MATCH("S."&L$8,[2]Master!$B$2:$T$2,0)),0) -> 660.07855 | M20: 91-95 | N20: =IFERROR($J$10*INDEX([2]Master!$B$3:$T$21,MATCH($A20,[2]Master!$A$3:$A$21,0),MATCH("S."&N$8,[2]Master!$B$2:$T$2,0)),0) -> 660.07855 | O20: =SUM(B20:N20) -> 4950.5891 | U20: S/SS
A21: 96-100 | B21: =IFERROR($B$10*INDEX([2]Master!$B$3:$T$21,MATCH($A21,[2]Master!$A$3:$A$21,0),MATCH("S."&B$8,[2]Master!$B$2:$T$2,0)),0) -> 0 | C21: 96-100 | D21: =IFERROR($D$10*INDEX([2]Master!$B$3:$T$21,MATCH($A21,[2]Master!$A$3:$A$21,0),MATCH("S."&D$8,[2]Master!$B$2:$T$2,0)),0) -> 0 | E21: 96-100 | F21: =IFERROR($F$10*INDEX([2]Master!$B$3:$T$21,MATCH($A21,[2]Master!$A$3:$A$21,0),MATCH("S."&F$8,[2]Master!$B$2:$T$2,0)),0) -> 0 | G21: 96-100 | H21: =IFERROR($H$10*INDEX([2]Master!$B$3:$T$21,MATCH($A21,[2]Master!$A$3:$A$21,0),MATCH("S."&H$8,[2]Master!$B$2:$T$2,0)),0) -> 0 | I21: 96-100 | J21: =IFERROR($J$10*INDEX([2]Master!$B$3:$T$21,MATCH($A21,[2]Master!$A$3:$A$21,0),MATCH("S."&J$8,[2]Master!$B$2:$T$2,0)),0) -> 0 | K21: 96-100 | L21: =IFERROR($J$10*INDEX([2]Master!$B$3:$T$21,MATCH($A21,[2]Master!$A$3:$A$21,0),MATCH("S."&L$8,[2]Master!$B$2:$T$2,0)),0) -> 0 | M21: 96-100 | N21: =IFERROR($J$10*INDEX([2]Master!$B$3:$T$21,MATCH($A21,[2]Master!$A$3:$A$21,0),MATCH("S."&N$8,[2]Master!$B$2:$T$2,0)),0) -> 0 | O21: =SUM(B21:N21) -> 0 | U21: S/SS
A22: 101-120 | B22: =IFERROR($B$10*INDEX([2]Master!$B$3:$T$21,MATCH($A22,[2]Master!$A$3:$A$21,0),MATCH("S."&B$8,[2]Master!$B$2:$T$2,0)),0) -> 364.8049 | C22: 101-120 | D22: =IFERROR($D$10*INDEX([2]Master!$B$3:$T$21,MATCH($A22,[2]Master!$A$3:$A$21,0),MATCH("S."&D$8,[2]Master!$B$2:$T$2,0)),0) -> 334.40449 | E22: 101-120 | F22: =IFERROR($F$10*INDEX([2]Master!$B$3:$T$21,MATCH($A22,[2]Master!$A$3:$A$21,0),MATCH("S."&F$8,[2]Master!$B$2:$T$2,0)),0) -> 364.8049 | G22: 101-120 | H22: =IFERROR($H$10*INDEX([2]Master!$B$3:$T$21,MATCH($A22,[2]Master!$A$3:$A$21,0),MATCH("S."&H$8,[2]Master!$B$2:$T$2,0)),0) -> 304.00408 | I22: 101-120 | J22: =IFERROR($J$10*INDEX([2]Master!$B$3:$T$21,MATCH($A22,[2]Master!$A$3:$A$21,0),MATCH("S."&J$8,[2]Master!$B$2:$T$2,0)),0) -> 304.00408 | K22: 101-120 | L22: =IFERROR($J$10*INDEX([2]Master!$B$3:$T$21,MATCH($A22,[2]Master!$A$3:$A$21,0),MATCH("S."&L$8,[2]Master!$B$2:$T$2,0)),0) -> 304.00408 | M22: 101-120 | N22: =IFERROR($J$10*INDEX([2]Master!$B$3:$T$21,MATCH($A22,[2]Master!$A$3:$A$21,0),MATCH("S."&N$8,[2]Master!$B$2:$T$2,0)),0) -> 304.00408 | O22: =SUM(B22:N22) -> 2280.0306 | U22: Broken
A23: 121-130 | B23: =IFERROR($B$10*INDEX([2]Master!$B$3:$T$21,MATCH($A23,[2]Master!$A$3:$A$21,0),MATCH("S."&B$8,[2]Master!$B$2:$T$2,0)),0) -> 3.0985484 | C23: 121-130 | D23: =IFERROR($D$10*INDEX([2]Master!$B$3:$T$21,MATCH($A23,[2]Master!$A$3:$A$21,0),MATCH("S."&D$8,[2]Master!$B$2:$T$2,0)),0) -> 2.8403361 | E23: 121-130 | F23: =IFERROR($F$10*INDEX([2]Master!$B$3:$T$21,MATCH($A23,[2]Master!$A$3:$A$21,0),MATCH("S."&F$8,[2]Master!$B$2:$T$2,0)),0) -> 3.0985484 | G23: 121-130 | H23: =IFERROR($H$10*INDEX([2]Master!$B$3:$T$21,MATCH($A23,[2]Master!$A$3:$A$21,0),MATCH("S."&H$8,[2]Master!$B$2:$T$2,0)),0) -> 2.5821237 | I23: 121-130 | J23: =IFERROR($J$10*INDEX([2]Master!$B$3:$T$21,MATCH($A23,[2]Master!$A$3:$A$21,0),MATCH("S."&J$8,[2]Master!$B$2:$T$2,0)),0) -> 2.5821237 | K23: 121-130 | L23: =IFERROR($J$10*INDEX([2]Master!$B$3:$T$21,MATCH($A23,[2]Master!$A$3:$A$21,0),MATCH("S."&L$8,[2]Master!$B$2:$T$2,0)),0) -> 2.5821237 | M23: 121-130 | N23: =IFERROR($J$10*INDEX([2]Master!$B$3:$T$21,MATCH($A23,[2]Master!$A$3:$A$21,0),MATCH("S."&N$8,[2]Master!$B$2:$T$2,0)),0) -> 2.5821237 | O23: =SUM(B23:N23) -> 19.365928 | U23: Broken
A24: 131-140 | B24: =IFERROR($B$10*INDEX([2]Master!$B$3:$T$21,MATCH($A24,[2]Master!$A$3:$A$21,0),MATCH("S."&B$8,[2]Master!$B$2:$T$2,0)),0) -> 63.505115 | C24: 131-140 | D24: =IFERROR($D$10*INDEX([2]Master!$B$3:$T$21,MATCH($A24,[2]Master!$A$3:$A$21,0),MATCH("S."&D$8,[2]Master!$B$2:$T$2,0)),0) -> 58.213022 | E24: 131-140 | F24: =IFERROR($F$10*INDEX([2]Master!$B$3:$T$21,MATCH($A24,[2]Master!$A$3:$A$21,0),MATCH("S."&F$8,[2]Master!$B$2:$T$2,0)),0) -> 63.505115 | G24: 131-140 | H24: =IFERROR($H$10*INDEX([2]Master!$B$3:$T$21,MATCH($A24,[2]Master!$A$3:$A$21,0),MATCH("S."&H$8,[2]Master!$B$2:$T$2,0)),0) -> 52.920929 | I24: 131-140 | J24: =IFERROR($J$10*INDEX([2]Master!$B$3:$T$21,MATCH($A24,[2]Master!$A$3:$A$21,0),MATCH("S."&J$8,[2]Master!$B$2:$T$2,0)),0) -> 52.920929 | K24: 131-140 | L24: =IFERROR($J$10*INDEX([2]Master!$B$3:$T$21,MATCH($A24,[2]Master!$A$3:$A$21,0),MATCH("S."&L$8,[2]Master!$B$2:$T$2,0)),0) -> 52.920929 | M24: 131-140 | N24: =IFERROR($J$10*INDEX([2]Master!$B$3:$T$21,MATCH($A24,[2]Master!$A$3:$A$21,0),MATCH("S."&N$8,[2]Master!$B$2:$T$2,0)),0) -> 52.920929 | O24: =SUM(B24:N24) -> 396.90697 | U24: Broken
A25: ฝอยคัดทิ้ง >140 | B25: =B10-SUM(B11:B24) -> 66.899956 | C25: ฝอยคัดทิ้ง >140 | D25: =D10-SUM(D11:D24) -> 61.324959 | E25: ฝอยคัดทิ้ง >140 | F25: =F10-SUM(F11:F24) -> 66.899956 | G25: ฝอยคัดทิ้ง >140 | H25: =H10-SUM(H11:H24) -> 55.749963 | I25: ฝอยคัดทิ้ง >140 | J25: =J10-SUM(J11:J24) -> 55.749963 | K25: ฝอยคัดทิ้ง >140 | L25: =L10-SUM(L11:L24) -> 55.749963 | M25: ฝอยคัดทิ้ง >140 | N25: =N10-SUM(N11:N24) -> 55.749963 | O25: =SUM(B25:N25) -> 418.12472
A26: SUM | B26: =SUM(B11:B25) -> 6000 | C26: SUM | D26: =SUM(D11:D25) -> 5500 | E26: SUM | F26: =SUM(F11:F25) -> 6000 | G26: SUM | H26: =SUM(H11:H25) -> 5000 | I26: SUM | J26: =SUM(J11:J25) -> 5000 | K26: SUM | L26: =SUM(L11:L25) -> 5000 | M26: SUM | N26: =SUM(N11:N25) -> 5000 | O26: =SUM(B26:N26) -> 37500
A27: วิธีจับ | B27: แพ็ค | C27: วิธีจับ | D27: แพ็ค | E27: วิธีจับ | F27: แพ็ค | G27: วิธีจับ | H27: แพ็ค | I27: วิธีจับ | J27: แพ็ค | K27: วิธีจับ | L27: แพ็ค | M27: วิธีจับ | N27: แพ็ค
A28: Sal. (ppt) | B28: 20 | C28: Sal. (ppt) | D28: 20 | E28: Sal. (ppt) | F28: 20 | G28: Sal. (ppt) | H28: 20 | I28: Sal. (ppt) | J28: 20 | K28: Sal. (ppt) | L28: 20 | M28: Sal. (ppt) | N28: 20
A29: Remark | C29: Remark | E29: Remark | G29: Remark | I29: Remark | K29: Remark | M29: Remark
A30: %หักDefect | B30: 0.05 | C30: %หักDefect | D30: 0.05 | E30: %หักDefect | F30: 0.05 | G30: %หักDefect | H30: 0.05 | I30: %หักDefect | J30: 0.05 | K30: %หักDefect | L30: 0.05 | M30: %หักDefect | N30: 0.05
A31: Uniform | B31: 1.79 | C31: Uniform | D31: 1.79 | E31: Uniform | F31: 1.79 | G31: Uniform | H31: 1.79 | I31: Uniform | J31: 1.79 | K31: Uniform | L31: 1.79 | M31: Uniform | N31: 1.79
A32: แจ้งจับ ปิด/แบ่ง | B32: 10 | C32: แจ้งจับ ปิด/แบ่ง | D32: 10 | E32: แจ้งจับ ปิด/แบ่ง | F32: 10 | G32: แจ้งจับ ปิด/แบ่ง | H32: 10 | I32: แจ้งจับ ปิด/แบ่ง | J32: 10 | K32: แจ้งจับ ปิด/แบ่ง | L32: 10 | M32: แจ้งจับ ปิด/แบ่ง | N32: 10
A33: แบ่ง STD | B33: 5 | C33: แบ่ง STD | D33: 5 | E33: แบ่ง STD | F33: 5 | G33: แบ่ง STD | H33: 5 | I33: แบ่ง STD | J33: 5 | K33: แบ่ง STD | L33: 5 | M33: แบ่ง STD | N33: 5
A34: แบ่ง Premium | C34: แบ่ง Premium | E34: แบ่ง Premium | G34: แบ่ง Premium | I34: แบ่ง Premium | K34: แบ่ง Premium | M34: แบ่ง Premium
A35: แบ่ง ปัดใหญ่ | C35: แบ่ง ปัดใหญ่ | E35: แบ่ง ปัดใหญ่ | G35: แบ่ง ปัดใหญ่ | I35: แบ่ง ปัดใหญ่ | K35: แบ่ง ปัดใหญ่ | M35: แบ่ง ปัดใหญ่
A36: แบ่ง โรง2/ใต้ | C36: แบ่ง โรง2/ใต้ | E36: แบ่ง โรง2/ใต้ | G36: แบ่ง โรง2/ใต้ | I36: แบ่ง โรง2/ใต้ | K36: แบ่ง โรง2/ใต้ | M36: แบ่ง โรง2/ใต้
A37: แบ่งวันก่อน | C37: แบ่งวันก่อน | E37: แบ่งวันก่อน | G37: แบ่งวันก่อน | I37: แบ่งวันก่อน | K37: แบ่งวันก่อน | M37: แบ่งวันก่อน

Sheet Plan
B2: วันที่เริ่มต้นผลิต | C2: 46275
B3: วันที่สินสุด | C3: 46281
B5: แผนผลิต Date | C5: แผน LOAD Date | D5: No-. order | E5: Country | F5: Country2 | G5: Customer | H5: Group1 | I5: Group2 | J5: Product | K5: CODE | L5: Packing | M5: cups | N5: Pcs./Cup | O5: WT/Pcs | P5: RM | Q5: Dip | R5: Soup | S5: QTY | T5: Stock จริง | U5: Stock สำรอง | V5: Short/cs | W5: Short/cup | X5: Short Raw Wonton /Pcs. | Y5: ผงซุป/tray | Z5: ผงซุป | AA5: Remaek | AB5: WT/ PD | AC5: WT/ HO (Tons.) | AE5: WT | AF5: Order ถ้วย
B6: {=_xlfn.UNIQUE(_xlfn.HSTACK(_xlfn._xlws.FILTER(แผนผลิต!B5:C10000,(แผนผลิต!B5:B10000>=$C$2)*(แผนผลิต!B5:B10000<=$C$3)),_xlfn._xlws.FILTER(แผนผลิต!G5:AI10000,(แผนผลิต!B5:B10000>=$C$2)*(แผนผลิต!B5:B10000<=$C$3))))} -> 46275 | C6: 10-2026 | D6: ขายภายใน | E6: .7-11 | F6: CPFGS | G6: Seven ถ้วยดำ | H6: E+Wonton | I6: Cooked Wonton | J6: เกี๊ยวกุ้ง_ตราซีพี_(145กรัมx24)(7-11) | K6: 082S81A24005P04001 | L6: 145g*24 | M6: 24 | N6: 5 | O6: 0.008 | P6: M | Q6: STPP | R6: Regular | S6: 4842 | T6: 0 | U6: 0 | V6: -4842 | W6: 116208 | X6: 581040 | Y6: 0.0075 | Z6: 871.56 | AA6: 0 | AB6: 4.64832 | AC6: 8.608 | AD6: 0.145 | AE6: 16.85016 | AF6: 116208
B7: 46276 | C7: 10-2026 | D7: ขายภายใน | E7: .7-11 | F7: CPFGS | G7: ถ้วยใหม่ | H7: E+Wonton | I7: Cooked Wonton | J7: เกี๊ยวกุ้ง ตรา อีซี่ โก 24x5 PCS | K7: 082S81A24005P0E001 | L7: 135g*24 | M7: 24 | N7: 5 | O7: 0.0062 | P7: SS | Q7: STPP | R7: Regular | S7: 4842 | T7: 0 | U7: 0 | V7: -4842 | W7: 116208 | X7: 581040 | Y7: 0.0075 | Z7: 871.56 | AA7: 0 | AB7: 3.602448 | AC7: 6.6712 | AD7: 0.135 | AE7: 15.68808 | AF7: 116208
B8: 46277 | C8: 10-2026 | D8: ขายภายใน | E8: .7-11 | F8: CPFGS | G8: Seven ถ้วยดำ | H8: E+Wonton | I8: Cooked Wonton | J8: เกี๊ยวกุ้ง_ตราซีพี_(145กรัมx24)(7-11) | K8: 082S81A24005P04001 | L8: 145g*24 | M8: 24 | N8: 5 | O8: 0.008 | P8: M | Q8: STPP | R8: Regular | S8: 4842 | T8: 0 | U8: 0 | V8: -4842 | W8: 116208 | X8: 581040 | Y8: 0.0075 | Z8: 871.56 | AA8: 0 | AB8: 4.64832 | AC8: 8.608 | AD8: 0.145 | AE8: 16.85016 | AF8: 116208
B9: 46278 | C9: 46303 | D9: DRY2600219 | E9: AUS | F9: CPFNW | G9: CPF Australia Pty Ltd. | H9: Wonton ND+V | I9: Cooked Wonton | J9: Cooked Wonton ND No Egg with Pumpkin + Yu Choy | K9: 082SJ9U36005P00001 | L9: 308g*6c*6in | M9: 36 | N9: 5 | O9: 0.0075 | P9: HC | Q9: Salt | R9: Regular | S9: 792 | T9: 0 | U9: 35.305556 | V9: -756.69444 | W9: 27241 | X9: 136205 | Y9: 0.0075 | Z9: 204.3075 | AA9: 0 | AB9: 1.0215375 | AC9: 1.8917361 | AD9: 0.308 | AE9: 8.390228 | AF9: 28512
B10: 46278 | C10: 46303 | D10: DRY2600220 | E10: AUS | F10: CPFNW | G10: CPF Australia Pty Ltd. | H10: Wonton ND+V | I10: Cooked Wonton | J10: Cooked Wonton ND No Egg with Pumpkin + Yu Choy | K10: 082SJ9U36005P00001 | L10: 308g*6c*6in | M10: 36 | N10: 5 | O10: 0.0075 | P10: HC | Q10: Salt | R10: Regular | S10: 792 | T10: 0 | U10: 0 | V10: -792 | W10: 28512 | X10: 142560 | Y10: 0.0075 | Z10: 213.84 | AA10: 0 | AB10: 1.0692 | AC10: 1.98 | AD10: 0.308 | AE10: 8.781696 | AF10: 28512
B11: 46278 | C11: 46303 | D11: DRY2600221 | E11: AUS | F11: CPFNW | G11: CPF Australia Pty Ltd. | H11: Wonton ND+V | I11: Cooked Wonton | J11: Cooked Wonton ND No Egg with Pumpkin + Yu Choy | K11: 082SJ9U36005P00001 | L11: 308g*6c*6in | M11: 36 | N11: 5 | O11: 0.0075 | P11: HC | Q11: Salt | R11: Regular | S11: 792 | T11: 0 | U11: 0 | V11: -792 | W11: 28512 | X11: 142560 | Y11: 0.0075 | Z11: 213.84 | AA11: 0 | AB11: 1.0692 | AC11: 1.98 | AD11: 0.308 | AE11: 8.781696 | AF11: 28512
B12: 46278 | C12: 46310 | D12: DRY2600234 | E12: AUS | F12: CPFNW | G12: CPF Australia Pty Ltd.(Woolworth) | H12: Wonton ND+V | I12: Cooked Wonton | J12: Cooked Wonton ND No Egg with Pumpkin + Yu Choy | K12: 082SJ9U05004P00001 | L12: 305g*5 | M12: 5 | N12: 4 | O12: 0.0075 | P12: HC | Q12: Salt | R12: Regular | S12: 5076 | T12: 0 | U12: 22.6 | V12: -5053.4 | W12: 25267 | X12: 101068 | Y12: 0.0075 | Z12: 189.5025 | AA12: ถ้าว,ฝา สีขาว | AB12: 0.75801 | AC12: 1.4037222 | AD12: 0.305 | AE12: 7.706435 | AF12: 25380
B13: 46279 | C13: 0 | D13: 0 | E13: 0 | F13: 0 | G13: 0 | H13: 0 | I13: 0 | J13: 0 | K13: 0 | L13: 0 | M13: 0 | N13: 0 | O13: 0 | P13: 0 | Q13: 0 | R13: 0 | S13: 0 | T13: 0 | U13: 0 | V13: 0 | W13: 0 | X13: 0 | Y13: 0 | Z13: 0 | AA13: 0 | AB13: 0 | AC13: 0 | AD13: 0 | AE13: 0 | AF13: 0
B14: 46280 | C14: 0 | D14: 0 | E14: 0 | F14: 0 | G14: 0 | H14: 0 | I14: 0 | J14: 0 | K14: 0 | L14: 0 | M14: 0 | N14: 0 | O14: 0 | P14: 0 | Q14: 0 | R14: 0 | S14: 0 | T14: 0 | U14: 0 | V14: 0 | W14: 0 | X14: 0 | Y14: 0 | Z14: 0 | AA14: 0 | AB14: 0 | AC14: 0 | AD14: 0 | AE14: 0 | AF14: 0
B15: 46281 | C15: 46294 | D15: DRY2600175 | E15: UK | F15: CPFNW | G15: Westbridge Foods Limited (One UK) | H15: Noodles+BC | I15: Cooked Wonton | J15: Crispy Chilli Oil Biang Biang Noodles+BC "Kitchen Joy" | K15: 082SLKW12310G00001 | L15: 310g*12ถ้วย | M15: 12 | N15: 3 | O15: 0.01 | P15: Aubergine | Q15: - | R15: Soy Sauce | S15: 2278 | T15: 0 | U15: 0 | V15: -2278 | W15: 27336 | X15: 82008 | Y15: 0 | Z15: 0 | AA15: ถ้าว,ฝา สีขาว New Package 1,800/HR | AB15: 0.82008 | AC15: 1.5186667 | AD15: 0.31 | AE15: 0.26622 | AF15: 27336
B18: Assortment | C18: M | D18: S/SS | E18: Broken
B19: {=_xlfn.UNIQUE(B6:B15)} -> 46275 | C19: {=SUMPRODUCT((Assortment!$B$4:$S$4=$B19)*(Assortment!$U$11:$U$25=C$18)*IFERROR(Assortment!$B$11:$S$25*1,0))} -> 2864.5267 | D19: {=SUMPRODUCT((Assortment!$B$4:$S$4=$B19)*(Assortment!$U$11:$U$25=D$18)*IFERROR(Assortment!$B$11:$S$25*1,0))} -> 2637.1648 | E19: {=SUMPRODUCT((Assortment!$B$4:$S$4=$B19)*(Assortment!$U$11:$U$25=E$18)*IFERROR(Assortment!$B$11:$S$25*1,0))} -> 431.40857
B20: 46276 | C20: {=SUMPRODUCT((Assortment!$B$4:$S$4=$B20)*(Assortment!$U$11:$U$25=C$18)*IFERROR(Assortment!$B$11:$S$25*1,0))} -> 2625.8161 | D20: {=SUMPRODUCT((Assortment!$B$4:$S$4=$B20)*(Assortment!$U$11:$U$25=D$18)*IFERROR(Assortment!$B$11:$S$25*1,0))} -> 2417.401 | E20: {=SUMPRODUCT((Assortment!$B$4:$S$4=$B20)*(Assortment!$U$11:$U$25=E$18)*IFERROR(Assortment!$B$11:$S$25*1,0))} -> 395.45785
B21: 46277 | C21: {=SUMPRODUCT((Assortment!$B$4:$S$4=$B21)*(Assortment!$U$11:$U$25=C$18)*IFERROR(Assortment!$B$11:$S$25*1,0))} -> 0 | D21: {=SUMPRODUCT((Assortment!$B$4:$S$4=$B21)*(Assortment!$U$11:$U$25=D$18)*IFERROR(Assortment!$B$11:$S$25*1,0))} -> 0 | E21: {=SUMPRODUCT((Assortment!$B$4:$S$4=$B21)*(Assortment!$U$11:$U$25=E$18)*IFERROR(Assortment!$B$11:$S$25*1,0))} -> 0
B22: 46278 | C22: {=SUMPRODUCT((Assortment!$B$4:$S$4=$B22)*(Assortment!$U$11:$U$25=C$18)*IFERROR(Assortment!$B$11:$S$25*1,0))} -> 0 | D22: {=SUMPRODUCT((Assortment!$B$4:$S$4=$B22)*(Assortment!$U$11:$U$25=D$18)*IFERROR(Assortment!$B$11:$S$25*1,0))} -> 0 | E22: {=SUMPRODUCT((Assortment!$B$4:$S$4=$B22)*(Assortment!$U$11:$U$25=E$18)*IFERROR(Assortment!$B$11:$S$25*1,0))} -> 0
B23: 46279 | C23: {=SUMPRODUCT((Assortment!$B$4:$S$4=$B23)*(Assortment!$U$11:$U$25=C$18)*IFERROR(Assortment!$B$11:$S$25*1,0))} -> 2864.5267 | D23: {=SUMPRODUCT((Assortment!$B$4:$S$4=$B23)*(Assortment!$U$11:$U$25=D$18)*IFERROR(Assortment!$B$11:$S$25*1,0))} -> 2637.1648 | E23: {=SUMPRODUCT((Assortment!$B$4:$S$4=$B23)*(Assortment!$U$11:$U$25=E$18)*IFERROR(Assortment!$B$11:$S$25*1,0))} -> 431.40857
B24: 46280 | C24: {=SUMPRODUCT((Assortment!$B$4:$S$4=$B24)*(Assortment!$U$11:$U$25=C$18)*IFERROR(Assortment!$B$11:$S$25*1,0))} -> 4774.2112 | D24: {=SUMPRODUCT((Assortment!$B$4:$S$4=$B24)*(Assortment!$U$11:$U$25=D$18)*IFERROR(Assortment!$B$11:$S$25*1,0))} -> 4395.2746 | E24: {=SUMPRODUCT((Assortment!$B$4:$S$4=$B24)*(Assortment!$U$11:$U$25=E$18)*IFERROR(Assortment!$B$11:$S$25*1,0))} -> 719.01428
B25: 46281 | C25: {=SUMPRODUCT((Assortment!$B$4:$S$4=$B25)*(Assortment!$U$11:$U$25=C$18)*IFERROR(Assortment!$B$11:$S$25*1,0))} -> 2387.1056 | D25: {=SUMPRODUCT((Assortment!$B$4:$S$4=$B25)*(Assortment!$U$11:$U$25=D$18)*IFERROR(Assortment!$B$11:$S$25*1,0))} -> 2197.6373 | E25: {=SUMPRODUCT((Assortment!$B$4:$S$4=$B25)*(Assortment!$U$11:$U$25=E$18)*IFERROR(Assortment!$B$11:$S$25*1,0))} -> 359.50714

Sheet Plan Adj

Sheet Sheet4

Sheet COOKED IN TRAY ผลิตโรง 2
B1: DOCNO. : FM - PL - 016 | K1: FROM | X1: TITLE : แผนสั่งผลิตสินค้า Wonton & Noodle Plant 3
B2: REVISON : 0 | K2: EFFECTIVE DATE : 16 JULY 2024 | X2: อายุการเก็บรักษา : 6 เดือน
B3: Date Report | D3: ซ่อน | E3: ซ่อน | F3: =แผนผลิต!G3 -> 46274
B4: แผนผลิต Date | C4: แผน LOAD Date | D4: WEEK | E4: Month | F4: Order | G4: Country | H4: Customer | I4: Group | J4: Product | K4: CODE | L4: Packing | M4: cups | N4: Pcs./Cup | O4: WT/Pcs | P4: RM | Q4: Dip | R4: Soup | S4: QTY | T4: Stock จริง | U4: Stock สำรอง | V4: Short/cs | W4: Short/cup | X4: Short Raw Wonton /Pcs. | Y4: ผงซุป/tray | Z4: ผงซุป | AA4: Remaek | AB4: WT/ PD (Tons.) | AC4: WT/ HO (Tons.) | AE4: WT | AF4: Order ถ้วย | AG4: ผลิต ถ้วย | AM4: ดิวเข้า PK | AN4: ฟิล์ม | AO4: ถ้วย | AP4: ฝา | AQ4: INNER | AR4: แผ่นกั้น | AS4: M | AT4: M/ก้น | AU4: ถุง | AV4: STK-ฝา | AW4: STK-ถ้วย | AX4: STK-ข้างถ้วย
A5: T | B5: 45399 | C5: 45404 | D5: =VLOOKUP($B5,Week!$A$1:$C$1462,2,0) -> Week16 | E5: =VLOOKUP(B5,Week!$A$1:$C$1462,3,0) -> 45383 | F5: DRY2400157 | G5: USA | H5: Bellisio Foods, Inc. | I5: C-WT in tray no egg | J5: COOKED WONTON 6 pcs. | K5: 082S8BW08012P00001 | L5: 117*2tray*8in | M5: 16 | N5: 6 | O5: 0.00813 | P5: M | Q5: Salt | R5: Sesame 15g | S5: 930 | T5: =832 -> 832 | U5: =98 -> 98 | V5: =(T5+U5)-S5 -> 0 | W5: =IF(V5<0,((S5*M5)-((T5+U5)*M5)),0) -> 0 | Y5: 1 | Z5: =Y5*S5*M5 -> 14880 | AA5: cap 3000 tray/hr. | AB5: =SUM(N5*O5*W5)/1000 -> 0 | AC5: =AB5/0.54 -> 0 | AD5: =MID(L5,1,3)/1000 -> 0.117 | AE5: =(W5*AD5)/1000 -> 0 | AF5: =S5*M5 -> 14880 | AH5: 66S03 | AI5: RES_KL3_FUR_FREEZE_COOK | AJ5: =AD5*W5 -> 0 | AK5: =B5 -> 45399 | AL5: 2 | AO5: 12080450 | AQ5: 12083198 | AS5: 12080491 | AU5: ซอง 12080447/ม้วน
A6: T | B6: 45400 | C6: 45404 | D6: =VLOOKUP($B6,Week!$A$1:$C$1462,2,0) -> Week16 | E6: =VLOOKUP(B6,Week!$A$1:$C$1462,3,0) -> 45383 | F6: DRY2400157 | G6: USA | H6: Bellisio Foods, Inc. | I6: C-WT in tray no egg | J6: COOKED WONTON 6 pcs. | K6: 082S8BW08012P00001 | L6: 117*2tray*8in | M6: 16 | N6: 6 | O6: 0.00813 | P6: M | Q6: Salt | R6: Sesame 15g | S6: =1200-930 -> 270 | T6: 270 | V6: =(T6+U6)-S6 -> 0 | W6: =IF(V6<0,((S6*M6)-((T6+U6)*M6)),0) -> 0 | Y6: 1 | Z6: =Y6*S6*M6 -> 4320 | AA6: cap 3000 tray/hr. | AB6: =SUM(N6*O6*W6)/1000 -> 0 | AC6: =AB6/0.54 -> 0 | AD6: =MID(L6,1,3)/1000 -> 0.117 | AE6: =(W6*AD6)/1000 -> 0 | AF6: =S6*M6 -> 4320 | AH6: 66S03 | AI6: RES_KL3_FUR_FREEZE_COOK | AJ6: =AD6*W6 -> 0 | AK6: =B6 -> 45400 | AL6: 2 | AO6: 12080450 | AQ6: 12083198 | AS6: 12080491 | AU6: ซอง 12080447/ม้วน
A7: T | B7: 45400 | C7: 45404 | D7: =VLOOKUP($B7,Week!$A$1:$C$1462,2,0) -> Week16 | E7: =VLOOKUP(B7,Week!$A$1:$C$1462,3,0) -> 45383 | F7: DRY2400258 | G7: USA | H7: Bellisio Foods, Inc. | I7: C-WT in tray no egg | J7: COOKED WONTON 6 pcs. | K7: 082S8BW08012P00001 | L7: 117*2tray*8in | M7: 16 | N7: 6 | O7: 0.00813 | P7: M | Q7: Salt | R7: Sesame 15g | S7: 732 | T7: =732 -> 732 | V7: =(T7+U7)-S7 -> 0 | W7: =IF(V7<0,((S7*M7)-((T7+U7)*M7)),0) -> 0 | Y7: 1 | Z7: =Y7*S7*M7 -> 11712 | AA7: cap 3000 tray/hr. | AB7: =SUM(N7*O7*W7)/1000 -> 0 | AC7: =AB7/0.54 -> 0 | AD7: =MID(L7,1,3)/1000 -> 0.117 | AE7: =(W7*AD7)/1000 -> 0 | AF7: =S7*M7 -> 11712 | AH7: 66S03 | AI7: RES_KL3_FUR_FREEZE_COOK | AJ7: =AD7*W7 -> 0 | AK7: =B7 -> 45400 | AL7: 2 | AO7: 12080450 | AQ7: 12083198 | AS7: 12080491 | AU7: ซอง 12080447/ม้วน
A8: T | B8: 45401 | C8: 45404 | D8: =VLOOKUP($B8,Week!$A$1:$C$1462,2,0) -> Week16 | E8: =VLOOKUP(B8,Week!$A$1:$C$1462,3,0) -> 45383 | F8: DRY2400258 | G8: USA | H8: Bellisio Foods, Inc. | I8: C-WT in tray no egg | J8: COOKED WONTON 6 pcs. | K8: 082S8BW08012P00001 | L8: 117*2tray*8in | M8: 16 | N8: 6 | O8: 0.00813 | P8: M | Q8: Salt | R8: Sesame 15g | S8: =1200-732 -> 468 | T8: 468 | V8: =(T8+U8)-S8 -> 0 | W8: =IF(V8<0,((S8*M8)-((T8+U8)*M8)),0) -> 0 | Y8: 1 | Z8: =Y8*S8*M8 -> 7488 | AA8: cap 3000 tray/hr. | AB8: =SUM(N8*O8*W8)/1000 -> 0 | AC8: =AB8/0.54 -> 0 | AD8: =MID(L8,1,3)/1000 -> 0.117 | AE8: =(W8*AD8)/1000 -> 0 | AF8: =S8*M8 -> 7488 | AH8: 66S03 | AI8: RES_KL3_FUR_FREEZE_COOK | AJ8: =AD8*W8 -> 0 | AK8: =B8 -> 45401 | AL8: 2 | AO8: 12080450 | AQ8: 12083198 | AS8: 12080491 | AU8: ซอง 12080447/ม้วน
A9: T | B9: 45408 | C9: 45411 | D9: =VLOOKUP($B9,Week!$A$1:$C$1462,2,0) -> Week17 | E9: =VLOOKUP(B9,Week!$A$1:$C$1462,3,0) -> 45383 | F9: DRY2400303 | G9: USA | H9: Bellisio Foods, Inc. | I9: C-WT in tray no egg | J9: COOKED WONTON 6 pcs. | K9: 082S8BW08012P00001 | L9: 117*2tray*8in | M9: 16 | N9: 6 | O9: 0.00813 | P9: M | Q9: Salt | R9: Sesame 15g | S9: =700 -> 700 | T9: =700-394+394 -> 700 | V9: =(T9+U9)-S9 -> 0 | W9: =IF(V9<0,((S9*M9)-((T9+U9)*M9)),0) -> 0 | Y9: 1 | Z9: =Y9*S9*M9 -> 11200 | AA9: cap 3000 tray/hr. | AB9: =SUM(N9*O9*W9)/1000 -> 0 | AC9: =AB9/0.54 -> 0 | AD9: =MID(L9,1,3)/1000 -> 0.117 | AE9: =(W9*AD9)/1000 -> 0 | AF9: =S9*M9 -> 11200 | AH9: 66S03 | AI9: RES_KL3_FUR_FREEZE_COOK | AJ9: =AD9*W9 -> 0 | AK9: =B9 -> 45408 | AL9: 2 | AO9: 12080450 | AQ9: 12083198 | AS9: 12080491 | AU9: ซอง 12080447/ม้วน
A10: T | B10: 45408 | C10: 45425 | D10: =VLOOKUP($B10,Week!$A$1:$C$1462,2,0) -> Week17 | E10: =VLOOKUP(B10,Week!$A$1:$C$1462,3,0) -> 45383 | F10: DRY2400300 | G10: USA | H10: Bellisio Foods, Inc. | I10: C-WT in tray no egg | J10: COOKED WONTON 6 pcs. | K10: 082S8BW08012P00001 | L10: 117*2tray*8in | M10: 16 | N10: 6 | O10: 0.00813 | P10: M | Q10: Salt | R10: Sesame 15g | S10: =1200 -> 1200 | T10: =1200 -> 1200 | V10: =(T10+U10)-S10 -> 0 | W10: =IF(V10<0,((S10*M10)-((T10+U10)*M10)),0) -> 0 | Y10: 1 | Z10: =Y10*S10*M10 -> 19200 | AA10: cap 3000 tray/hr. | AB10: =SUM(N10*O10*W10)/1000 -> 0 | AC10: =AB10/0.54 -> 0 | AD10: =MID(L10,1,3)/1000 -> 0.117 | AE10: =(W10*AD10)/1000 -> 0 | AF10: =S10*M10 -> 19200 | AH10: 66S03 | AI10: RES_KL3_FUR_FREEZE_COOK | AJ10: =AD10*W10 -> 0 | AK10: =B10 -> 45408 | AL10: 2 | AO10: 12080450 | AQ10: 12083198 | AS10: 12080491 | AU10: ซอง 12080447/ม้วน
A11: T | B11: 45425 | C11: 45432 | D11: =VLOOKUP($B11,Week!$A$1:$C$1462,2,0) -> Week20 | E11: =VLOOKUP(B11,Week!$A$1:$C$1462,3,0) -> 45413 | F11: DRY2400259 | G11: USA | H11: Bellisio Foods, Inc. | I11: C-WT in tray no egg | J11: COOKED WONTON 6 pcs. | K11: 082S8BW08012P00001 | L11: 117*2tray*8in | M11: 16 | N11: 6 | O11: 0.00813 | P11: M | Q11: Salt | R11: Sesame 15g | S11: 650 | T11: =25+625 -> 650 | V11: =(T11+U11)-S11 -> 0 | W11: =IF(V11<0,((S11*M11)-((T11+U11)*M11)),0) -> 0 | Y11: 1 | Z11: =Y11*S11*M11 -> 10400 | AA11: cap 3000 tray/hr. | AB11: =SUM(N11*O11*W11)/1000 -> 0 | AC11: =AB11/0.54 -> 0 | AD11: =MID(L11,1,3)/1000 -> 0.117 | AE11: =(W11*AD11)/1000 -> 0 | AF11: =S11*M11 -> 10400 | AH11: 66S03 | AI11: RES_KL3_FUR_FREEZE_COOK | AJ11: =AD11*W11 -> 0 | AK11: =B11 -> 45425 | AL11: 2 | AO11: 12080450 | AQ11: 12083198 | AS11: 12080491 | AU11: ซอง 12080447/ม้วน
A12: T | B12: 45425 | C12: 45437 | D12: =VLOOKUP($B12,Week!$A$1:$C$1462,2,0) -> Week20 | E12: =VLOOKUP(B12,Week!$A$1:$C$1462,3,0) -> 45413 | F12: DRY2400351 | G12: USA | H12: Bellisio Foods, Inc. | I12: C-WT in tray no egg | J12: COOKED WONTON 6 pcs. | K12: 082S8BW08012P00001 | L12: 117*2tray*8in | M12: 16 | N12: 6 | O12: 0.00813 | P12: M | Q12: Salt | R12: Sesame 15g | S12: =650 -> 650 | T12: =650 -> 650 | V12: =(T12+U12)-S12 -> 0 | W12: =IF(V12<0,((S12*M12)-((T12+U12)*M12)),0) -> 0 | Y12: 1 | Z12: =Y12*S12*M12 -> 10400 | AA12: cap 3000 tray/hr. | AB12: =SUM(N12*O12*W12)/1000 -> 0 | AC12: =AB12/0.54 -> 0 | AD12: =MID(L12,1,3)/1000 -> 0.117 | AE12: =(W12*AD12)/1000 -> 0 | AF12: =S12*M12 -> 10400 | AH12: 66S03 | AI12: RES_KL3_FUR_FREEZE_COOK | AJ12: =AD12*W12 -> 0 | AK12: =B12 -> 45425 | AL12: 2 | AO12: 12080450 | AQ12: 12083198 | AS12: 12080491 | AU12: ซอง 12080447/ม้วน
A13: T | B13: 45425 | C13: 45437 | D13: =VLOOKUP($B13,Week!$A$1:$C$1462,2,0) -> Week20 | E13: =VLOOKUP(B13,Week!$A$1:$C$1462,3,0) -> 45413 | F13: DRY2400322 | G13: USA | H13: Bellisio Foods, Inc. | I13: C-WT in tray no egg | J13: COOKED WONTON 6 pcs. | K13: 082S8BW08012P00001 | L13: 117*2tray*8in | M13: 16 | N13: 6 | O13: 0.00813 | P13: M | Q13: Salt | R13: Sesame 15g | S13: =61 -> 61 | T13: =1336-625-650 -> 61 | V13: =(T13+U13)-S13 -> 0 | W13: =IF(V13<0,((S13*M13)-((T13+U13)*M13)),0) -> 0 | Y13: 1 | Z13: =Y13*S13*M13 -> 976 | AA13: cap 3000 tray/hr. | AB13: =SUM(N13*O13*W13)/1000 -> 0 | AC13: =AB13/0.54 -> 0 | AD13: =MID(L13,1,3)/1000 -> 0.117 | AE13: =(W13*AD13)/1000 -> 0 | AF13: =S13*M13 -> 976 | AH13: 66S03 | AI13: RES_KL3_FUR_FREEZE_COOK | AJ13: =AD13*W13 -> 0 | AK13: =B13 -> 45425 | AL13: 2 | AO13: 12080450 | AQ13: 12083198 | AS13: 12080491 | AU13: ซอง 12080447/ม้วน
A14: T | B14: 45426 | C14: 45437 | D14: =VLOOKUP($B14,Week!$A$1:$C$1462,2,0) -> Week20 | E14: =VLOOKUP(B14,Week!$A$1:$C$1462,3,0) -> 45413 | F14: DRY2400322 | G14: USA | H14: Bellisio Foods, Inc. | I14: C-WT in tray no egg | J14: COOKED WONTON 6 pcs. | K14: 082S8BW08012P00001 | L14: 117*2tray*8in | M14: 16 | N14: 6 | O14: 0.00813 | P14: M | Q14: Salt | R14: Sesame 15g | S14: =650-61 -> 589 | T14: 589 | V14: =(T14+U14)-S14 -> 0 | W14: =IF(V14<0,((S14*M14)-((T14+U14)*M14)),0) -> 0 | Y14: 1 | Z14: =Y14*S14*M14 -> 9424 | AA14: cap 3000 tray/hr. | AB14: =SUM(N14*O14*W14)/1000 -> 0 | AC14: =AB14/0.54 -> 0 | AD14: =MID(L14,1,3)/1000 -> 0.117 | AE14: =(W14*AD14)/1000 -> 0 | AF14: =S14*M14 -> 9424 | AH14: 66S03 | AI14: RES_KL3_FUR_FREEZE_COOK | AJ14: =AD14*W14 -> 0 | AK14: =B14 -> 45426 | AL14: 2 | AO14: 12080450 | AQ14: 12083198 | AS14: 12080491 | AU14: ซอง 12080447/ม้วน
A15: T | B15: 45426 | C15: 45460 | D15: =VLOOKUP($B15,Week!$A$1:$C$1462,2,0) -> Week20 | E15: =VLOOKUP(B15,Week!$A$1:$C$1462,3,0) -> 45413 | F15: DRY2400301 | G15: USA | H15: Bellisio Foods, Inc. | I15: C-WT in tray no egg | J15: COOKED WONTON 6 pcs. | K15: 082S8BW08012P00001 | L15: 117*2tray*8in | M15: 16 | N15: 6 | O15: 0.00813 | P15: M | Q15: Salt | R15: Sesame 15g | S15: =650 -> 650 | T15: 650 | V15: =(T15+U15)-S15 -> 0 | W15: =IF(V15<0,((S15*M15)-((T15+U15)*M15)),0) -> 0 | Y15: 1 | Z15: =Y15*S15*M15 -> 10400 | AA15: cap 3000 tray/hr. | AB15: =SUM(N15*O15*W15)/1000 -> 0 | AC15: =AB15/0.54 -> 0 | AD15: =MID(L15,1,3)/1000 -> 0.117 | AE15: =(W15*AD15)/1000 -> 0 | AF15: =S15*M15 -> 10400 | AH15: 66S03 | AI15: RES_KL3_FUR_FREEZE_COOK | AJ15: =AD15*W15 -> 0 | AK15: =B15 -> 45426 | AL15: 2 | AO15: 12080450 | AQ15: 12083198 | AS15: 12080491 | AU15: ซอง 12080447/ม้วน
A16: T | B16: 45427 | C16: 45460 | D16: =VLOOKUP($B16,Week!$A$1:$C$1462,2,0) -> Week20 | E16: =VLOOKUP(B16,Week!$A$1:$C$1462,3,0) -> 45413 | F16: DRY2400302 | G16: USA | H16: Bellisio Foods, Inc. | I16: C-WT in tray no egg | J16: COOKED WONTON 6 pcs. | K16: 082S8BW08012P00001 | L16: 117*2tray*8in | M16: 16 | N16: 6 | O16: 0.00813 | P16: M | Q16: Salt | R16: Sesame 15g | S16: =66 -> 66 | T16: =1305-589-650 -> 66 | V16: =(T16+U16)-S16 -> 0 | W16: =IF(V16<0,((S16*M16)-((T16+U16)*M16)),0) -> 0 | Y16: 1 | Z16: =Y16*S16*M16 -> 1056 | AA16: cap 3000 tray/hr. | AB16: =SUM(N16*O16*W16)/1000 -> 0 | AC16: =AB16/0.54 -> 0 | AD16: =MID(L16,1,3)/1000 -> 0.117 | AE16: =(W16*AD16)/1000 -> 0 | AF16: =S16*M16 -> 1056 | AH16: 66S03 | AI16: RES_KL3_FUR_FREEZE_COOK | AJ16: =AD16*W16 -> 0 | AK16: =B16 -> 45427 | AL16: 2 | AO16: 12080450 | AQ16: 12083198 | AS16: 12080491 | AU16: ซอง 12080447/ม้วน
A17: T | B17: 45427 | C17: 45460 | D17: =VLOOKUP($B17,Week!$A$1:$C$1462,2,0) -> Week20 | E17: =VLOOKUP(B17,Week!$A$1:$C$1462,3,0) -> 45413 | F17: DRY2400302 | G17: USA | H17: Bellisio Foods, Inc. | I17: C-WT in tray no egg | J17: COOKED WONTON 6 pcs. | K17: 082S8BW08012P00001 | L17: 117*2tray*8in | M17: 16 | N17: 6 | O17: 0.00813 | P17: M | Q17: Salt | R17: Sesame 15g | S17: =650-66 -> 584 | T17: =584 -> 584 | V17: =(T17+U17)-S17 -> 0 | W17: =IF(V17<0,((S17*M17)-((T17+U17)*M17)),0) -> 0 | Y17: 1 | Z17: =Y17*S17*M17 -> 9344 | AA17: cap 3000 tray/hr. | AB17: =SUM(N17*O17*W17)/1000 -> 0 | AC17: =AB17/0.54 -> 0 | AD17: =MID(L17,1,3)/1000 -> 0.117 | AE17: =(W17*AD17)/1000 -> 0 | AF17: =S17*M17 -> 9344 | AH17: 66S03 | AI17: RES_KL3_FUR_FREEZE_COOK | AJ17: =AD17*W17 -> 0 | AK17: =B17 -> 45427 | AL17: 2 | AO17: 12080450 | AQ17: 12083198 | AS17: 12080491 | AU17: ซอง 12080447/ม้วน
A18: T | B18: 45427 | C18: 45456 | D18: =VLOOKUP($B18,Week!$A$1:$C$1462,2,0) -> Week20 | E18: =VLOOKUP(B18,Week!$A$1:$C$1462,3,0) -> 45413 | F18: DRY2400353 | G18: USA | H18: Bellisio Foods, Inc. | I18: C-WT in tray no egg | J18: COOKED WONTON 6 pcs. | K18: 082S8BW08012P00001 | L18: 117*2tray*8in | M18: 16 | N18: 6 | O18: 0.00813 | P18: M | Q18: Salt | R18: Sesame 15g | S18: =700 -> 700 | T18: =700 -> 700 | V18: =(T18+U18)-S18 -> 0 | W18: =IF(V18<0,((S18*M18)-((T18+U18)*M18)),0) -> 0 | Y18: 1 | Z18: =Y18*S18*M18 -> 11200 | AA18: cap 3000 tray/hr. | AB18: =SUM(N18*O18*W18)/1000 -> 0 | AC18: =AB18/0.54 -> 0 | AD18: =MID(L18,1,3)/1000 -> 0.117 | AE18: =(W18*AD18)/1000 -> 0 | AF18: =S18*M18 -> 11200 | AH18: 66S03 | AI18: RES_KL3_FUR_FREEZE_COOK | AJ18: =AD18*W18 -> 0 | AK18: =B18 -> 45427 | AL18: 2 | AO18: 12080450 | AQ18: 12083198 | AS18: 12080491 | AU18: ซอง 12080447/ม้วน
A19: T | B19: 45472 | C19: 45625 | D19: =VLOOKUP($B19,Week!$A$1:$C$1462,2,0) -> Week26 | E19: =VLOOKUP(B19,Week!$A$1:$C$1462,3,0) -> 45444 | F19: DRY2400422 | G19: USA | H19: Bellisio Foods, Inc. | I19: C-WT in tray no egg | J19: COOKED WONTON 6 pcs. | K19: 082S8BW08012P00001 | L19: 117*2tray*8in | M19: 16 | N19: 6 | O19: 0.00813 | P19: M | Q19: Salt | R19: Sesame 15g | S19: =700-16 -> 684 | T19: =16+212 -> 228 | U19: =452 -> 452 | V19: =(T19+U19)-S19 -> -4 | W19: =IF(V19<0,((S19*M19)-((T19+U19)*M19)),0) -> 64 | Y19: 1 | Z19: =Y19*S19*M19 -> 10944 | AA19: pk เข้า 22/05/24 | AB19: =SUM(N19*O19*W19)/1000 -> 0.00312192 | AC19: =AB19/0.54 -> 0.0057813333 | AD19: =MID(L19,1,3)/1000 -> 0.117 | AE19: =(W19*AD19)/1000 -> 0.007488 | AF19: =S19*M19 -> 10944 | AH19: 66S03 | AI19: RES_KL3_FUR_FREEZE_COOK | AJ19: =AD19*W19 -> 7.488 | AK19: =B19 -> 45472 | AL19: 2 | AO19: 12080450 | AQ19: 12083198 | AS19: 12080491 | AU19: ซอง 12080447/ม้วน
A20: T | B20: 45472 | C20: 45474 | D20: =VLOOKUP($B20,Week!$A$1:$C$1462,2,0) -> Week26 | E20: =VLOOKUP(B20,Week!$A$1:$C$1462,3,0) -> 45444 | F20: DRY2400423 | G20: New Zealand | H20: Lim Brothers | I20: C-Minced WT in tray no egg | J20: Cooked Minced Wonton in Tray 6 pcs + Sesame Sauce | K20: 082SKN716006P00001 | L20: 117*2tray*8in | M20: 16 | N20: 6 | O20: 0.00813 | P20: BK | Q20: Salt | R20: Sesame 15g | S20: =216-56 -> 160 | T20: =6 -> 6 | U20: 154 | V20: =(T20+U20)-S20 -> 0 | W20: =IF(V20<0,((S20*M20)-((T20+U20)*M20)),0) -> 0 | Y20: 1 | Z20: =Y20*S20*M20 -> 2560 | AA20: cap 3000 tray/hr. อื่น 83,000 ถ้วย | AB20: =SUM(N20*O20*W20)/1000 -> 0 | AC20: =AB20/0.54 -> 0 | AD20: =MID(L20,1,3)/1000 -> 0.117 | AE20: =(W20*AD20)/1000 -> 0 | AF20: =S20*M20 -> 2560 | AH20: 66S03 | AI20: RES_KL3_FUR_FREEZE_COOK | AJ20: =AD20*W20 -> 0 | AK20: =B20 -> 45472 | AL20: 2 | AO20: 12080450 | AQ20: 12083198 | AS20: 12080491 | AU20: ซอง 12080447/ม้วน
A21: T | B21: 45472 | C21: 45488 | D21: =VLOOKUP($B21,Week!$A$1:$C$1462,2,0) -> Week26 | E21: =VLOOKUP(B21,Week!$A$1:$C$1462,3,0) -> 45444 | F21: DRY2400394 | G21: AUS | H21: CPF Australia Pty Ltd. | I21: C-Minced WT in tray no egg | J21: Cooked Minced Wonton in Tray 6 pcs + Sesame Sauce | K21: 082SK9U16006P00001 | L21: 117*2tray*8in | M21: 16 | N21: 6 | O21: 0.00813 | P21: BK | Q21: Salt | R21: Sesame 15g | S21: 300 | U21: 300 | V21: =(T21+U21)-S21 -> 0 | W21: =IF(V21<0,((S21*M21)-((T21+U21)*M21)),0) -> 0 | Y21: 1 | Z21: =Y21*S21*M21 -> 4800 | AA21: cap 3000 tray/hr. อื่น 83,000 ถ้วย | AB21: =SUM(N21*O21*W21)/1000 -> 0 | AC21: =AB21/0.54 -> 0 | AD21: =MID(L21,1,3)/1000 -> 0.117 | AE21: =(W21*AD21)/1000 -> 0 | AF21: =S21*M21 -> 4800 | AH21: 66S03 | AI21: RES_KL3_FUR_FREEZE_COOK | AJ21: =AD21*W21 -> 0 | AK21: =B21 -> 45472 | AL21: 2 | AO21: 12080450 | AQ21: 12083198 | AS21: 12080491 | AU21: ซอง 12080447/ม้วน
B22: 45389 | D22: =VLOOKUP($B22,Week!$A$1:$C$1462,2,0) -> Week14 | E22: =VLOOKUP(B22,Week!$A$1:$C$1462,3,0) -> 45383 | AB22: =SUM(N22*O22*W22)/1000 -> 0 | AH22: 66S03 | AJ22: =AD22*W22 -> 0 | AK22: =B22 -> 45389 | AL22: 2
AB26: WT / PD | AC26: WT / HO
AB27: KG. | AC27: KG.
P28: M | Q28: 8 | AA28: M | AB28: =SUMIF($P5:$P5,$P$28,AB5:AB5) -> 0 | AC28: =SUMIF($P5:$P5,$P$28,AC5:AC5) -> 0
P29: S | Q29: 7 | AA29: S | AB29: =SUMIF($P5:$P5,$P$29,AB5:AB5) -> 0 | AC29: =SUMIF($P5:$P5,$P$29,AC5:AC5) -> 0
P30: SS | Q30: 6.5 | AA30: SS | AB30: =SUMIF($P5:$P5,$P$30,AB5:AB5) -> 0 | AC30: =SUMIF($P5:$P5,$P$30,AC5:AC5) -> 0
P31: HC | Q31: 9 | AA31: HC | AB31: =SUMIF($P5:$P5,$P$31,AB5:AB5) -> 0 | AC31: =SUMIF($P5:$P5,$P$31,AC5:AC5) -> 0
P32: BK | Q32: 8 | AA32: BK | AB32: =SUMIF($P5:$P5,$P$32,AB5:AB5) -> 0 | AC32: =SUMIF($P5:$P5,$P$32,AC5:AC5) -> 0
P33: B/K | Q33: 11

Sheet แผนล้างผัก
C1: วันล้างผัก | F1: พร้อมผลิต | G1: 3.7/1วันผลิต
A2: วันผักเข้าโรงงาน | C2: 45386
A3: ผลออก/16.00น. | C3: 45388
A4: ล้างผักแล้วฟรีส | B4: 13&15 | C4: 45387 | E4: 3.5
A5: ล้างผักแล้วฟรีส | B5: 15 | C5: 45388 | E5: 3.5
A6: ล้างผักแล้วฟรีส | B6: 15 | C6: 45390 | E6: 3.5 | F6: 45390 | G6: 3.7 | H6: =142560 -> 142560 | I6: ถ้วย | J6: 13&15
B7: 15 | C7: 45391 | E7: 3.5
B8: 14 | C8: 45392 | E8: 3.5
B9: 14 | C9: 45393 | E9: 3.5 | F9: 45393 | G9: 3.7 | H9: =142560 -> 142560 | I9: ถ้วย | J9: 15
B10: 14 | C10: 45394 | E10: 3.5 | F10: 45394 | G10: 3.7 | H10: =142560 -> 142560 | I10: ถ้วย | J10: 15
C11: 45399 | D11: c-intray 1 กะ 10 ชม. | F11: 45399 | G11: 3.7 | H11: =142560 -> 142560 | I11: ถ้วย | J11: 15
A12: กรมประมง | C12: 45400 | D12: c-intray 1 กะ 10 ชม. | F12: 45400 | G12: 3.7 | H12: =142560 -> 142560 | I12: ถ้วย | J12: 14
A13: กรมประมง | C13: 45401 | D13: c-intray 1 กะ 10 ชม.
C14: 45402 | D14: c-intray 1 กะ 10 ชม.
B15: 16 | C15: 45404 | E15: 3.5 | F15: 45404 | G15: 3.7 | H15: =142560 -> 142560 | I15: ถ้วย | J15: 14
B16: 16 | C16: 45405 | E16: 3.5 | F16: 45405 | G16: 3.7 | H16: =142560 -> 142560 | I16: ถ้วย | J16: 14
B17: 16-17 | C17: 45406 | E17: 3.5 | F17: 45406 | G17: 3.7 | H17: =142560 -> 142560 | I17: ถ้วย | J17: 16
B18: 17 | C18: 45407 | E18: 3.5
B19: 17 | C19: 45408 | E19: 3.5 | F19: 45408 | G19: 3.7 | H19: =142560 -> 142560 | I19: ถ้วย | J19: 16
B20: 17 | C20: 45409 | E20: 3.5
B21: 18 | C21: 45411 | E21: 3.5 | F21: 45411 | G21: 3.7 | H21: =142560 -> 142560 | I21: ถ้วย | J21: 16
B22: 18 | C22: 45412 | E22: 3.5 | F22: 45412 | G22: 3.7 | H22: =142560 -> 142560 | I22: ถ้วย | J22: 16
B23: 18 | C23: 45414 | E23: 3.5 | F23: 45414 | G23: 3.7 | H23: =142560 -> 142560 | I23: ถ้วย | J23: 16-17
B24: 18-19 | C24: 45415 | E24: 3.5 | F24: 45415 | G24: 3.7 | H24: =142560 -> 142560 | I24: ถ้วย | J24: 17
B25: 19 | C25: 45416 | E25: 3.5 | F25: 45416 | G25: 3.7 | H25: =142560 -> 142560 | I25: ถ้วย | J25: 17
B26: 19 | C26: 45418 | D26: c-intray 1 กะ 10 ชม. | E26: 1.5
B27: 19 | C27: 45419 | D27: c-intray 1 กะ 10 ชม. | E27: 1.5
B28: 20 | C28: 45420 | D28: c-intray 1 กะ 10 ชม. | E28: 1.5 | F28: 45420 | G28: 3.7 | H28: =142560 -> 142560 | I28: ถ้วย | J28: 18
B29: 20 | C29: 45421 | D29: c-intray 1 กะ 10 ชม. | E29: 1.5 | F29: 45421 | G29: 3.7 | H29: =142560 -> 142560 | I29: ถ้วย | J29: 18
B30: 20 | C30: 45422 | D30: c-intray 1 กะ 10 ชม. | E30: 1.5 | F30: 45422 | G30: 3.7 | H30: =142560 -> 142560 | I30: ถ้วย | J30: 18
B31: 20-21 | C31: 45423 | D31: c-intray 1 กะ 10 ชม. | E31: 1.5 | F31: 45423 | G31: 3.7 | H31: =142560 -> 142560 | I31: ถ้วย | J31: 19
C32: 45425 | E32: 3.5
C33: 45426 | E33: 3.5
B34: 21 | C34: 45427 | E34: 3.5 | F34: 45427 | G34: 3.7 | H34: =142560 -> 142560 | I34: ถ้วย | J34: 19
B35: 21 | C35: 45428 | E35: 3.5 | F35: 45428 | G35: 3.7 | H35: =142560 -> 142560 | I35: ถ้วย | J35: 19
B36: 22 | C36: 45429 | E36: 3.5 | F36: 45429 | G36: 3.7 | H36: =142560 -> 142560 | I36: ถ้วย | J36: 20
B37: 22 | C37: 45430 | E37: 3.5 | F37: 45430 | G37: 3.7 | H37: =142560 -> 142560 | I37: ถ้วย | J37: 20
B38: 22 | C38: 45432 | E38: 3.5
B39: 22-23 | C39: 45433 | E39: 3.5
B40: 23 | C40: 45434 | E40: 3.5 | F40: 45434 | G40: 3.7 | H40: =142560 -> 142560 | I40: ถ้วย | J40: 20
B41: 23 | C41: 45435 | E41: 3.5 | F41: 45435 | G41: 3.7 | H41: =142560 -> 142560 | I41: ถ้วย | J41: 21
B42: 23 | C42: 45436 | E42: 3.5 | F42: 45436 | G42: 3.7 | H42: =142560 -> 142560 | I42: ถ้วย | J42: 21
B43: 24 | C43: 45437 | E43: 3.5 | F43: 45437 | G43: 3.7 | H43: =142560 -> 142560 | I43: ถ้วย | J43: 21
C44: 45439 | E44: 3.5 | F44: 45441 | G44: 3.7 | H44: =142560 -> 142560 | I44: ถ้วย | J44: 22
B45: 24 | C45: 45440 | E45: 3.5 | F45: 45441 | G45: 3.7 | H45: =142560 -> 142560 | I45: ถ้วย | J45: 22
B46: 24 | C46: 45441 | E46: 3.5
B47: 24-25 | C47: 45442 | E47: 3.5
B48: 25 | C48: 45443 | E48: 3.5 | F48: 45443 | G48: 3.7 | H48: =142560 -> 142560 | I48: ถ้วย | J48: 22
B49: 25 | C49: 45444 | E49: 3.5 | F49: 45444 | G49: 3.7 | H49: =142560 -> 142560 | I49: ถ้วย | J49: 22
B50: 25 | C50: 45447 | E50: 3.5
B51: 26 | C51: 45448 | E51: 3.5
B52: 26 | C52: 45449 | E52: 3.5 | F52: 45449 | G52: 3.7 | H52: =142560 -> 142560 | I52: ถ้วย | J52: 23
B53: 26 | C53: 45450 | E53: 3.5 | F53: 45450 | G53: 3.7 | H53: =142560 -> 142560 | I53: ถ้วย | J53: 23
B54: 26-27 | C54: 45451 | E54: 3.5 | F54: 45451 | G54: 3.7 | H54: =142560 -> 142560 | I54: ถ้วย | J54: 24
C55: 45453 | E55: 3.5
B56: 27 | C56: 45454 | E56: 3.5
B57: 27 | C57: 45455 | E57: 3.5 | F57: 45455 | G57: 3.7 | H57: =142560 -> 142560 | I57: ถ้วย | J57: 24
B58: 27 | C58: 45456 | E58: 3.5 | F58: 45456 | G58: 3.7 | H58: =142560 -> 142560 | I58: ถ้วย | J58: 24
B59: 28 | C59: 45457 | E59: 3.5 | F59: 45457 | G59: 3.7 | H59: =142560 -> 142560 | I59: ถ้วย | J59: 25
B60: 28 | C60: 45458 | E60: 3.5 | F60: 45458 | G60: 3.7 | H60: =142560 -> 142560 | I60: ถ้วย | J60: 25
B61: 28 | C61: 45460 | E61: 3.5
B62: 28-29 | C62: 45461 | E62: 3.5
B63: 29 | C63: 45462 | E63: 3.5
B64: 29 | C64: 45463 | E64: 3.5 | F64: 45463 | G64: 3.7 | H64: =142560 -> 142560 | I64: ถ้วย | J64: 25
B65: 29 | C65: 45464 | E65: 3.5 | F65: 45464 | G65: 3.7 | H65: =142560 -> 142560 | I65: ถ้วย | J65: 26
B66: 1 | C66: 45465 | E66: 3.5 | F66: 45465 | G66: 3.7 | H66: =142560 -> 142560 | I66: ถ้วย | J66: 26
B67: 1 | C67: 45467 | E67: 3.5
B68: 1 | C68: 45468 | E68: 3.5
B69: 1-2 | C69: 45469 | E69: 3.5 | F69: 45469 | G69: 3.7 | H69: =142560 -> 142560 | I69: ถ้วย | J69: 27
B70: 2 | C70: 45470 | E70: 3.5 | F70: 45470 | G70: 3.7 | H70: =142560 -> 142560 | I70: ถ้วย | J70: 27
B71: 2 | C71: 45471 | E71: 3.5 | F71: 45471 | G71: 3.7 | H71: =142560 -> 142560 | I71: ถ้วย | J71: 27
B72: 2 | C72: 45472 | E72: 3.5 | F72: 45472 | G72: 3.7 | H72: =142560 -> 142560 | I72: ถ้วย | J72: 28
C73: 45474 | E73: 3.5
C74: 45475 | E74: 3.5
C75: 45476 | E75: 3.5 | F75: 45476 | G75: 3.7
C76: 45477 | E76: 3.5 | F76: 45477 | G76: 3.7
C77: 45478 | E77: 3.5 | F77: 45478 | G77: 3.7
C78: 45479 | E78: 3.5 | F78: 45479 | G78: 3.7

Sheet Sheet1
A3: Sum of Short/cup
A4: แผนผลิต Date | B4: Group | C4: Total | E4: =160000 -> 160000
A5: 44958 | B5: Wonton ND+V | C5: 0 | D5: 110016 | E5: =D5/$E$4 -> 0.6876
A6: 44959 | B6: Wonton ND+V | C6: 0 | D6: 110016 | E6: =D6/$E$4 -> 0.6876
A7: 44960 | B7: Wonton ND+V | C7: 0 | D7: 110016 | E7: =D7/$E$4 -> 0.6876
A8: 44961 | B8: Wonton ND+V | C8: 0 | D8: 110033 | E8: =D8/$E$4 -> 0.68770625
A9: 44962 | B9: (blank) | E9: =D9/$E$4 -> 0
A10: 44963 | B10: Wonton ND+V | C10: 0 | D10: 120024 | E10: =D10/$E$4 -> 0.75015
A11: 44964 | B11: Wonton ND+V | C11: 0 | D11: 120024 | E11: =D11/$E$4 -> 0.75015
A12: 44965 | B12: Wonton ND+V | C12: 0 | D12: 120024 | E12: =D12/$E$4 -> 0.75015
A13: 44966 | B13: Minced ND | C13: 0 | D13: 120024 | E13: =D13/$E$4 -> 0.75015
B14: Wonton ND+V | C14: 0 | D14: 120024 | E14: =D14/$E$4 -> 0.75015
A15: 44967 | B15: E+Wonton | C15: 3 | D15: 39575 | E15: =D15/$E$4 -> 0.24734375
A16: 44968 | B16: Minced WT | C16: 0 | D16: 89815 | E16: =D16/$E$4 -> 0.56134375
B17: Wonton | C17: 1 | E17: =D17/$E$4 -> 0
A18: 44969 | B18: (blank) | D18: 13440 | E18: =D18/$E$4 -> 0.084
A19: 44970 | B19: Minced ND | C19: 0 | D19: 51616 | E19: =D19/$E$4 -> 0.3226
B20: Wonton ND+V | C20: 4428 | D20: 9333 | E20: =D20/$E$4 -> 0.05833125
A21: 44971 | B21: E+Minced WT | C21: 0 | D21: 11103 | E21: =D21/$E$4 -> 0.06939375
B22: E+Wonton | C22: 0 | D22: 13440 | E22: =D22/$E$4 -> 0.084
B23: E+Wonton NDE | C23: 0 | D23: 93600 | E23: =D23/$E$4 -> 0.585
B24: E+Wonton NDE TY | C24: 0 | D24: 13440 | E24: =D24/$E$4 -> 0.084
B25: E+Wonton TY | C25: 15 | D25: 3500 | E25: =D25/$E$4 -> 0.021875
A26: 44972 | B26: Wonton ND+V | C26: 0 | D26: 74478 | E26: =D26/$E$4 -> 0.4654875
A27: 44973 | B27: E+Wonton | C27: 0 | D27: 13440 | E27: =D27/$E$4 -> 0.084
B28: E+Wonton NDE TY | C28: 0 | D28: 2031 | E28: =D28/$E$4 -> 0.01269375
A29: 44974 | B29: C-WT in tray no egg | C29: 0 | D29: 54000 | E29: =D29/$E$4 -> 0.3375
A30: 44975 | B30: C-WT in tray no egg | C30: 0 | D30: 16339 | E30: =D30/$E$4 -> 0.10211875
A31: 44976 | B31: (blank) | E31: =D31/$E$4 -> 0
A32: 44977 | B32: Wonton | C32: 0 | D32: 81000 | E32: =D32/$E$4 -> 0.50625
A33: 44978 | B33: Wonton | C33: 0 | D33: 46368 | E33: =D33/$E$4 -> 0.2898
A34: 44979 | B34: Wonton | C34: 0 | D34: 67457 | E34: =D34/$E$4 -> 0.42160625
A35: 44980 | B35: Wonton | C35: 0 | E35: =D35/$E$4 -> 0
B36: Wonton ND+V | C36: 0 | D36: 120000 | E36: =D36/$E$4 -> 0.75
B37: Wonton TY | C37: 0 | D37: 120000 | E37: =D37/$E$4 -> 0.75
A38: 44981 | B38: Wonton ND+V | C38: 0 | D38: 120000 | E38: =D38/$E$4 -> 0.75
A39: 44982 | B39: Minced ND+V+TY | C39: 0 | D39: 96000 | E39: =D39/$E$4 -> 0.6
B40: Wonton ND+V | C40: 0 | E40: =D40/$E$4 -> 0
A41: 44983 | B41: (blank) | D41: 125568 | E41: =D41/$E$4 -> 0.7848
A42: 44984 | B42: Wonton | C42: 0 | D42: 30229 | E42: =D42/$E$4 -> 0.18893125
A43: 44985 | B43: Wonton | C43: 0 | E43: =D43/$E$4 -> 0
B44: Wonton ND+V | C44: 0 | D44: 120000 | E44: =D44/$E$4 -> 0.75
A45: 44987 | B45: (blank)
A46: 44988 | B46: (blank)
A47: 45048 | B47: Wonton | C47: 0
A48: 45049 | B48: Wonton | C48: 0
A49: 45050 | B49: Wonton | C49: 0
B50: Wonton ND+V | C50: 0
A51: 44989 | B51: (blank)
A52: 44992 | B52: (blank)
A53: 44993 | B53: (blank)
A54: 44994 | B54: E+Minced WT | C54: 0
B55: E+Wonton NDE | C55: 756
B56: Wonton | C56: 0
B57: Wonton TY | C57: 0
A58: 44995 | B58: E+Wonton NDE TY | C58: 0
B59: Wonton | C59: 0
A60: 44996 | B60: Wonton | C60: 0
B61: Wonton ND+V | C61: 72
A62: 45001 | B62: Wonton | C62: 0
A63: 45002 | B63: Wonton ND+V | C63: 0
A64: 45003 | B64: Wonton | C64: 35
B65: Wonton ND+V | C65: 11
B66: Wonton TY | C66: 91
A67: 45017 | B67: (blank)
A68: 45019 | B68: C-Minced WT in tray no egg | C68: 0
B69: C-WT in tray no egg | C69: 0
B70: Wonton | C70: 0
A71: 45020 | B71: C-WT in tray no egg | C71: 0
B72: Wonton | C72: 0
A73: 45021 | B73: C-WT in tray no egg | C73: 0
B74: Minced ND+V+TY | C74: 0
B75: Wonton | C75: 0
B76: Wonton ND+V | C76: 0
A77: 45022 | B77: C-WT in tray no egg | C77: 0
B78: Wonton | C78: 0
A79: 45023 | B79: C-WT in tray no egg | C79: 0
B80: Wonton | C80: 0
A81: 45024 | B81: Wonton ND+V | C81: 0
B82: Wonton ND+V+TY | C82: 0
A83: 45026 | B83: Minced WT | C83: 0
B84: Wonton | C84: 0
A85: 45027 | B85: Minced WT | C85: 0
B86: Wonton | C86: 0
A87: 45028 | B87: Wonton | C87: 0
A88: 45034 | B88: Minced ND | C88: 0
B89: Wonton | C89: 0
B90: Wonton ND+V+TY | C90: 0
A91: 45035 | B91: E+Wonton | C91: 0
B92: Minced ND | C92: 0
A93: 45036 | B93: E+Wonton | C93: 0
A94: 45037 | B94: E+Minced NDE | C94: 0
B95: E+Wonton | C95: 0
B96: E+Wonton NDE | C96: 0
B97: E+Wonton NDE TY | C97: 0
A98: 45038 | B98: Minced ND | C98: 193
B99: Wonton ND+V | C99: 4
A100: 45040 | B100: Wonton | C100: 0
A101: 45041 | B101: Minced ND+V+TY | C101: 5
B102: Minced WT | C102: 0
...

Sheet May-20
B1: Date Report | C1: 43981 | D1: ซ่อน | E1: ซ่อน | G1: Cooked Wonton & Wonton Noodle | I1: ซ่อน
B2: แผนผลิต Date | C2: แผน LOAD Date | D2: WEEK | E2: Month | F2: Order | G2: Country | H2: Customer | I2: Group1 | J2: Group | K2: Product | L2: CODE | M2: Packing | N2: cups | O2: Pcs./Cup | P2: WT/Pcs | Q2: RM | R2: Dip | S2: Soup | T2: QTY | U2: Stock สำรอง | V2: Stock จริง | W2: Short/cs | X2: Short/cup | Y2: Raw Wonton /Pcs. | Z2: ผงซุป/tray | AA2: ผงซุป | AB2: Remaek | AC2: WT/ PD (Kg) | AD2: WT/ HO (Kg) | AF2: WT | AG2: Order ถ้วย | AH2: ผลิต ถ้วย | AJ2: PL No | AK2: ฟิล์ม | AL2: ถ้วย | AM2: ฝา | AN2: INNER | AO2: แผ่นกั้น | AP2: M | AQ2: M/ก้น | AR2: ถุง | AS2: STK-ฝา | AT2: STK-ถ้วย | AU2: STK-ข้างถ้วย
B3: 43952 | D3: Week18 | E3: 43953
A4: add15/4 | B4: 43953 | C4: 43957 | D4: #N/A | E4: 43953 | F4: ขายภายใน | G4: FM | H4: CP fresh Mart | I4: C-Mince wonton | J4: Minced WT | K4: Minced Wonton No Egg (5pcs) | L4: 082SKFA24005P03001 | M4: 135g*24 | N4: 24 | O4: 5 | P4: 0.008 | Q4: BK | R4: STPP | S4: Regular | T4: 2000 | V4: =77+1923 -> 2000 | W4: =(V4+U4)-T4 -> 0 | X4: =IF(W4<0,((T4*N4)-((V4+U4)*N4)),0) -> 0 | AC4: =((X4*O4)/5400)*29.25 -> 0 | AD4: =AC4/0.54 -> 0 | AE4: =MID(M4,1,3)/1000 -> 0.135 | AF4: =(X4*AE4)/1000 -> 0 | AG4: =T4*N4 -> 48000 | AK4: 12062338 | AL4: 12047514 | AM4: 12047515 | AP4: 12069365= | AS4: 12069363= | AT4: 12069364=
A5: add15/4 | B5: 43953 | C5: 43957 | D5: Week18 | E5: 43953 | F5: ขายภายใน | G5: FM | H5: CP fresh Mart | I5: C-Mince ND | J5: Minced NDE | K5: Minced Noodle with egg (3 pcs) | L5: 082SRFA24005P00001 | M5: 216g*24 | N5: 24 | O5: 3 | P5: 0.008 | Q5: BK | R5: STPP | S5: Regular | T5: 1500 | V5: =4+1+1495 -> 1500 | W5: =(V5+U5)-T5 -> 0 | X5: =IF(W5<0,((T5*N5)-((V5+U5)*N5)),0) -> 0 | AC5: =((X5*O5)/5400)*29.25 -> 0 | AD5: =AC5/0.54 -> 0 | AE5: =MID(M5,1,3)/1000 -> 0.216 | AF5: =(X5*AE5)/1000 -> 0 | AG5: =T5*N5 -> 36000 | AK5: 12062338 | AL5: 12042650 | AM5: 12042649 | AP5: 12069368= | AS5: 12069362= | AT5: 12069367
B6: 43953 | C6: May-Jun'20 | D6: Week18 | E6: 43953 | F6: ขายภายใน | G6: 5 STARS | H6: ซีพีเอฟ เทรดดิ้ง | I6: C-wonton | J6: EP+Wonton | K6: Cooked Wonton with egg | L6: 082S81N16020P00001 | M6: 20 pcs*16 | N6: 16 | O6: 20 | P6: 0.007 | Q6: S | R6: STPP | S6: - | T6: 160 | V6: =9+160 -> 169 | W6: =(V6+U6)-T6 -> 9 | X6: =IF(W6<0,((T6*N6)-((V6+U6)*N6)),0) -> 0 | Y6: =X6*O6 -> 0 | AC6: =SUM(O6*P6*X6) -> 0 | AD6: =AC6/0.54 -> 0 | AE6: =20*0.017 -> 0.34 | AF6: =(X6*AE6)/1000 -> 0 | AG6: =T6*N6 -> 2560 | AP6: 12054050=53,25/5=150 | AR6: 12043448=(156)=325 | AS6: 12054140=980,20/5=1450
A7: R | B7: 43953 | C7: 43965 | D7: Week18 | E7: 43953 | F7: KL2000011 | G7: China | H7: Shanghai T&G International Trade Co.,Ltd. | I7: R-Wonton | J7: R-Wonton no egg | K7: Raw Wonton 50 pcs | L7: 082I9MN08050P00001 | M7: 630g.*8 packs | N7: 8 | O7: 50 | P7: 0.00681 | Q7: S | R7: STPP | S7: ซุปซอง 5g. | T7: =750+97 -> 847 | V7: =19+828 -> 847 | W7: =(V7+U7)-T7 -> 0 | X7: =IF(W7<0,((T7*N7)-((V7+U7)*N7)),0) -> 0 | Y7: =O7*X7 -> 0 | Z7: 6 | AA7: =X7*Z7 -> 0 | AB7: inner China ติด STK | AC7: =SUM(O7*P7*X7) -> 0 | AD7: =AC7/0.54 -> 0 | AE7: =MID(M7,1,3)/1000 -> 0.63 | AF7: =(X7*AE7)/1000 -> 0 | AG7: =T7*N7 -> 6776 | AJ7: R-014/2020 | AK7: 12004862 | AL7: 12055234 | AN7: 12056345=28/6 | AP7: 12056200 | AR7: 12036656(135)
B8: 43954 | D8: Week19 | E8: 43953
A9: add15/4 | B9: 43955 | C9: 43959 | D9: Week19 | E9: 43953 | F9: ขายภายใน | G9: FM | H9: CP fresh Mart | I9: C-Mince ND | J9: Minced NDE | K9: Minced Noodle with egg (3 pcs) | L9: 082SRFA24005P00001 | M9: 216g*24 | N9: 24 | O9: 3 | P9: 0.008 | Q9: BK | R9: STPP | S9: Regular | T9: =1400 -> 1400 | U9: =(35+23)/24 -> 2.4166667 | V9: =2+1390 -> 1392 | W9: =(V9+U9)-T9 -> -5.5833333 | X9: =IF(W9<0,((T9*N9)-((V9+U9)*N9)),0) -> 134 | Y9: =X9*O9 -> 402 | AC9: =((X9*O9)/5400)*29.25 -> 2.1775 | AD9: =AC9/0.54 -> 4.0324074 | AE9: =MID(M9,1,3)/1000 -> 0.216 | AF9: =(X9*AE9)/1000 -> 0.028944 | AG9: =T9*N9 -> 33600 | AK9: 12062338 | AL9: 12042650 | AM9: 12042649 | AP9: 12069368= | AS9: 12069362= | AT9: 12069367
A10: add15/4 | B10: 43955 | C10: 43959 | D10: Week19 | E10: 43953 | F10: ขายภายใน | G10: FM | H10: CP fresh Mart | I10: C-wonton | J10: E+Wonton | K10: Cooked Wonton with egg | L10: 082S8FA12005P02001 | M10: 145g*12 | N10: 12 | O10: 5 | P10: 0.008 | Q10: M | R10: STPP | S10: Regular | T10: 4000 | V10: =272+3728 -> 4000 | W10: =(V10+U10)-T10 -> 0 | X10: =IF(W10<0,((T10*N10)-((V10+U10)*N10)),0) -> 0 | Y10: =X10*O10 -> 0 | AC10: =SUM(O10*P10*X10) -> 0 | AD10: =AC10/0.54 -> 0 | AE10: =MID(M10,1,3)/1000 -> 0.145 | AF10: =(X10*AE10)/1000 -> 0 | AG10: =T10*N10 -> 48000 | AK10: 12062338 | AL10: 12047514 | AM10: 12047515 | AP10: 12072220 | AS10: 12064579 | AT10: 12064577
A11: add15/4 | B11: 43955 | C11: 43959 | D11: Week19 | E11: 43953 | F11: ขายภายใน | G11: FM | H11: CP fresh Mart | I11: C-wonton | J11: E+Wonton TY | K11: Cooked Wonton TY with egg. | L11: 082S8FA12005P03001 | M11: 115g*12 | N11: 12 | O11: 5 | P11: 0.008 | Q11: M | R11: STPP | S11: TYTB3C 30G | T11: 2700 | V11: 2700 | W11: =(V11+U11)-T11 -> 0 | X11: =IF(W11<0,((T11*N11)-((V11+U11)*N11)),0) -> 0 | Y11: =X11*O11 -> 0 | AC11: =SUM(O11*P11*X11) -> 0 | AD11: =AC11/0.54 -> 0 | AE11: =MID(M11,1,3)/1000 -> 0.115 | AF11: =(X11*AE11)/1000 -> 0 | AG11: =T11*N11 -> 32400 | AK11: 12062338 | AL11: 12047514 | AM11: 12047515 | AP11: 12072447 | AS11: 12064574 | AT11: 12064576
A12: R | B12: 43955 | C12: 43965 | D12: Week19 | E12: 43953 | F12: KL2000011 | G12: China | H12: Shanghai T&G International Trade Co.,Ltd. | I12: R-Wonton | J12: R-Wonton no egg | K12: Raw Wonton 50 pcs | L12: 082I9MN08050P00001 | M12: 630g.*8 packs | N12: 8 | O12: 50 | P12: 0.00681 | Q12: S | R12: STPP | S12: ซุปซอง 5g. | T12: 809 | V12: 809 | W12: =(V12+U12)-T12 -> 0 | X12: =IF(W12<0,((T12*N12)-((V12+U12)*N12)),0) -> 0 | Y12: =X12*O12 -> 0 | Z12: 6 | AA12: =X12*Z12 -> 0 | AB12: inner China ติด STK | AC12: =SUM(O12*P12*X12) -> 0 | AD12: =AC12/0.54 -> 0 | AE12: =MID(M12,1,3)/1000 -> 0.63 | AF12: =(X12*AE12)/1000 -> 0 | AG12: =T12*N12 -> 6472 | AJ12: R-014/2020 | AK12: 12004862 | AL12: 12055234 | AN12: 12056345=28/6 | AP12: 12056200 | AR12: 12036656(135)
B13: 43956 | C13: 43964 | D13: Week19 | E13: 43953 | F13: DRY2000183 | G13: USA | H13: Bellisio Foods, Inc. | I13: C-Wonton ND | J13: Wonton ND+V | K13: Cooked Wonton ND No Egg with Pumpkin + Yu Choy Low sodium | L13: 082SJBW36005P00001 | M13: 308g*6c*6in | N13: 36 | O13: 5 | P13: 0.0075 | Q13: HC | R13: Salt | S13: Y3 | T13: =792-556 -> 236 | V13: 236 | W13: =(V13+U13)-T13 -> 0 | X13: =IF(W13<0,((T13*N13)-((V13+U13)*N13)),0) -> 0 | Y13: =X13*O13 -> 0 | AC13: =SUM(O13*P13*X13) -> 0 | AD13: =AC13/0.54 -> 0 | AE13: =MID(M13,1,3)/1000 -> 0.308 | AF13: =(X13*AE13)/1000 -> 0 | AG13: =T13*N13 -> 8496 | AK13: 12063755 | AL13: 12061353 | AM13: 12061354 | AN13: 12068566 | AP13: 12068565 | AQ13: 12062153= | AS13: 12068565
B14: 43956 | C14: 43964 | D14: Week19 | E14: 43953 | F14: DRY2000184 | G14: USA | H14: Bellisio Foods, Inc. | I14: C-Wonton ND | J14: Wonton ND+V | K14: Cooked Wonton ND No Egg with Pumpkin + Yu Choy Low sodium | L14: 082SJBW36005P00001 | M14: 308g*6c*6in | N14: 36 | O14: 5 | P14: 0.0075 | Q14: HC | R14: Salt | S14: Y3 | T14: 792 | V14: 792 | W14: =(V14+U14)-T14 -> 0 | X14: =IF(W14<0,((T14*N14)-((V14+U14)*N14)),0) -> 0 | Y14: =X14*O14 -> 0 | AC14: =SUM(O14*P14*X14) -> 0 | AD14: =AC14/0.54 -> 0 | AE14: =MID(M14,1,3)/1000 -> 0.308 | AF14: =(X14*AE14)/1000 -> 0 | AG14: =T14*N14 -> 28512 | AK14: 12063755 | AL14: 12061353 | AM14: 12061354 | AN14: 12068566 | AP14: 12068565 | AQ14: 12062153= | AS14: 12068565
B15: 43956 | C15: 43964 | D15: Week19 | E15: 43953 | F15: DRY2000185 | G15: USA | H15: Bellisio Foods, Inc. | I15: C-Wonton ND | J15: Wonton ND+V | K15: Cooked Wonton ND No Egg with Pumpkin + Yu Choy Low sodium | L15: 082SJBW36005P00001 | M15: 308g*6c*6in | N15: 36 | O15: 5 | P15: 0.0075 | Q15: HC | R15: Salt | S15: Y3 | T15: 792 | V15: 792 | W15: =(V15+U15)-T15 -> 0 | X15: =IF(W15<0,((T15*N15)-((V15+U15)*N15)),0) -> 0 | Y15: =X15*O15 -> 0 | AC15: =SUM(O15*P15*X15) -> 0 | AD15: =AC15/0.54 -> 0 | AE15: =MID(M15,1,3)/1000 -> 0.308 | AF15: =(X15*AE15)/1000 -> 0 | AG15: =T15*N15 -> 28512 | AK15: 12063755 | AL15: 12061353 | AM15: 12061354 | AN15: 12068566 | AP15: 12068565 | AQ15: 12062153= | AS15: 12068565
B16: 43956 | C16: 43964 | D16: Week19 | E16: 43953 | F16: DRY2000186 | G16: USA | H16: Bellisio Foods, Inc. | I16: C-Wonton ND | J16: Wonton ND+V | K16: Cooked Wonton ND No Egg with Pumpkin + Yu Choy Low sodium | L16: 082SJBW36005P00001 | M16: 308g*6c*6in | N16: 36 | O16: 5 | P16: 0.0075 | Q16: HC | R16: Salt | S16: Y3 | T16: 792 | V16: 792 | W16: =(V16+U16)-T16 -> 0 | X16: =IF(W16<0,((T16*N16)-((V16+U16)*N16)),0) -> 0 | Y16: =X16*O16 -> 0 | AC16: =SUM(O16*P16*X16) -> 0 | AD16: =AC16/0.54 -> 0 | AE16: =MID(M16,1,3)/1000 -> 0.308 | AF16: =(X16*AE16)/1000 -> 0 | AG16: =T16*N16 -> 28512 | AK16: 12063755 | AL16: 12061353 | AM16: 12061354 | AN16: 12068566 | AP16: 12068565 | AQ16: 12062153= | AS16: 12068565
B17: 43956 | C17: 43965 | D17: Week19 | E17: 43953 | F17: DRY2000187 | G17: USA | H17: Bellisio Foods, Inc. | I17: C-Wonton ND | J17: Wonton ND+V | K17: Cooked Wonton ND No Egg with Pumpkin + Yu Choy Low sodium | L17: 082SJBW36005P00001 | M17: 308g*6c*6in | N17: 36 | O17: 5 | P17: 0.0075 | Q17: HC | R17: Salt | S17: Y3 | T17: 792 | V17: 792 | W17: =(V17+U17)-T17 -> 0 | X17: =IF(W17<0,((T17*N17)-((V17+U17)*N17)),0) -> 0 | Y17: =X17*O17 -> 0 | AC17: =SUM(O17*P17*X17) -> 0 | AD17: =AC17/0.54 -> 0 | AE17: =MID(M17,1,3)/1000 -> 0.308 | AF17: =(X17*AE17)/1000 -> 0 | AG17: =T17*N17 -> 28512 | AK17: 12063755 | AL17: 12061353 | AM17: 12061354 | AN17: 12068566 | AP17: 12068565 | AQ17: 12062153= | AS17: 12068565
B18: 43956 | C18: 43965 | D18: Week19 | E18: 43953 | F18: DRY2000188 | G18: USA | H18: Bellisio Foods, Inc. | I18: C-Wonton ND | J18: Wonton ND+V | K18: Cooked Wonton ND No Egg with Pumpkin + Yu Choy Low sodium | L18: 082SJBW36005P00001 | M18: 308g*6c*6in | N18: 36 | O18: 5 | P18: 0.0075 | Q18: HC | R18: Salt | S18: Y3 | T18: 390 | V18: =270+120 -> 390 | W18: =(V18+U18)-T18 -> 0 | X18: =IF(W18<0,((T18*N18)-((V18+U18)*N18)),0) -> 0 | Y18: =X18*O18 -> 0 | AC18: =SUM(O18*P18*X18) -> 0 | AD18: =AC18/0.54 -> 0 | AE18: =MID(M18,1,3)/1000 -> 0.308 | AF18: =(X18*AE18)/1000 -> 0 | AG18: =T18*N18 -> 14040 | AK18: 12063755 | AL18: 12061353 | AM18: 12061354 | AN18: 12068566 | AP18: 12068565 | AQ18: 12062153= | AS18: 12068565
A19: R | B19: 43956 | C19: 43965 | D19: Week19 | E19: 43953 | F19: KL2000011 | G19: China | H19: Shanghai T&G International Trade Co.,Ltd. | I19: R-Wonton | J19: R-Wonton no egg | K19: Raw Wonton 50 pcs | L19: 082I9MN08050P00001 | M19: 630g.*8 packs | N19: 8 | O19: 50 | P19: 0.00681 | Q19: S | R19: STPP | S19: ซุปซอง 5g. | T19: 928 | V19: 928 | W19: =(V19+U19)-T19 -> 0 | X19: =IF(W19<0,((T19*N19)-((V19+U19)*N19)),0) -> 0 | Y19: =X19*O19 -> 0 | Z19: 6 | AA19: =X19*Z19 -> 0 | AB19: inner China ติด STK | AC19: =SUM(O19*P19*X19) -> 0 | AD19: =AC19/0.54 -> 0 | AE19: =MID(M19,1,3)/1000 -> 0.63 | AF19: =(X19*AE19)/1000 -> 0 | AG19: =T19*N19 -> 7424 | AJ19: R-014/2020 | AK19: 12004862 | AL19: 12055234 | AN19: 12056345=28/6 | AP19: 12056200 | AR19: 12036656(135)
B20: 43957 | C20: 43965 | D20: Week19 | E20: 43953 | F20: DRY2000188 | G20: USA | H20: Bellisio Foods, Inc. | I20: C-Wonton ND | J20: Wonton ND+V | K20: Cooked Wonton ND No Egg with Pumpkin + Yu Choy Low sodium | L20: 082SJBW36005P00001 | M20: 308g*6c*6in | N20: 36 | O20: 5 | P20: 0.0075 | Q20: HC | R20: Salt | S20: Y3 | T20: 402 | V20: 402 | W20: =(V20+U20)-T20 -> 0 | X20: =IF(W20<0,((T20*N20)-((V20+U20)*N20)),0) -> 0 | Y20: =X20*O20 -> 0 | AC20: 0 | AD20: 0 | AE20: 0.308 | AF20: 0 | AG20: 14472 | AK20: 12063755 | AL20: 12061353 | AM20: 12061354 | AN20: 12068566 | AP20: 12068565 | AQ20: 12062153= | AS20: 12068565
B21: 43957 | C21: 43966 | D21: Week19 | E21: 43953 | F21: DRY2000189 | G21: USA | H21: Bellisio Foods, Inc. | I21: C-Wonton ND | J21: Wonton ND+V | K21: Cooked Wonton ND No Egg with Pumpkin + Yu Choy Low sodium | L21: 082SJBW36005P00001 | M21: 308g*6c*6in | N21: 36 | O21: 5 | P21: 0.0075 | Q21: HC | R21: Salt | S21: Y3 | T21: 792 | V21: 792 | W21: =(V21+U21)-T21 -> 0 | X21: =IF(W21<0,((T21*N21)-((V21+U21)*N21)),0) -> 0 | Y21: =X21*O21 -> 0 | AC21: 0 | AD21: 0 | AE21: 0.308 | AF21: 0 | AG21: 28512 | AK21: 12063755 | AL21: 12061353 | AM21: 12061354 | AN21: 12068566 | AP21: 12068565 | AQ21: 12062153= | AS21: 12068565
B22: 43957 | C22: 43966 | D22: Week19 | E22: 43953 | F22: DRY2000190 | G22: USA | H22: Bellisio Foods, Inc. | I22: C-Wonton ND | J22: Wonton ND+V | K22: Cooked Wonton ND No Egg with Pumpkin + Yu Choy Low sodium | L22: 082SJBW36005P00001 | M22: 308g*6c*6in | N22: 36 | O22: 5 | P22: 0.0075 | Q22: HC | R22: Salt | S22: Y3 | T22: 792 | V22: 792 | W22: =(V22+U22)-T22 -> 0 | X22: =IF(W22<0,((T22*N22)-((V22+U22)*N22)),0) -> 0 | Y22: =X22*O22 -> 0 | AC22: 0 | AD22: 0 | AE22: 0.308 | AF22: 0 | AG22: 28512 | AK22: 12063755 | AL22: 12061353 | AM22: 12061354 | AN22: 12068566 | AP22: 12068565 | AQ22: 12062153= | AS22: 12068565
B23: 43957 | C23: 43966 | D23: Week19 | E23: 43953 | F23: DRY2000191 | G23: USA | H23: Bellisio Foods, Inc. | I23: C-Wonton ND | J23: Wonton ND+V | K23: Cooked Wonton ND No Egg with Pumpkin + Yu Choy Low sodium | L23: 082SJBW36005P00001 | M23: 308g*6c*6in | N23: 36 | O23: 5 | P23: 0.0075 | Q23: HC | R23: Salt | S23: Y3 | T23: 792 | V23: 792 | W23: =(V23+U23)-T23 -> 0 | X23: =IF(W23<0,((T23*N23)-((V23+U23)*N23)),0) -> 0 | Y23: =X23*O23 -> 0 | AC23: 0 | AD23: 0 | AE23: 0.308 | AF23: 0 | AG23: 28512 | AK23: 12063755 | AL23: 12061353 | AM23: 12061354 | AN23: 12068566 | AP23: 12068565 | AQ23: 12062153= | AS23: 12068565
B24: 43957 | C24: 43970 | D24: Week19 | E24: 43953 | F24: DRY2000192 | G24: USA | H24: Bellisio Foods, Inc. | I24: C-Wonton ND | J24: Wonton ND+V | K24: Cooked Wonton ND No Egg with Pumpkin + Yu Choy Low sodium | L24: 082SJBW36005P00001 | M24: 308g*6c*6in | N24: 36 | O24: 5 | P24: 0.0075 | Q24: HC | R24: Salt | S24: Y3 | T24: 792 | V24: 792 | W24: =(V24+U24)-T24 -> 0 | X24: =IF(W24<0,((T24*N24)-((V24+U24)*N24)),0) -> 0 | Y24: =X24*O24 -> 0 | AC24: 0 | AD24: 0 | AE24: 0.308 | AF24: 0 | AG24: 28512 | AK24: 12063755 | AL24: 12061353 | AM24: 12061354 | AN24: 12068566 | AP24: 12068565 | AQ24: 12062153= | AS24: 12068565
B25: 43957 | C25: 43970 | D25: Week19 | E25: 43953 | F25: DRY2000193 | G25: USA | H25: Bellisio Foods, Inc. | I25: C-Wonton ND | J25: Wonton ND+V | K25: Cooked Wonton ND No Egg with Pumpkin + Yu Choy Low sodium | L25: 082SJBW36005P00001 | M25: 308g*6c*6in | N25: 36 | O25: 5 | P25: 0.0075 | Q25: HC | R25: Salt | S25: Y3 | T25: 279 | V25: 279 | W25: =(V25+U25)-T25 -> 0 | X25: =IF(W25<0,((T25*N25)-((V25+U25)*N25)),0) -> 0 | Y25: =X25*O25 -> 0 | AC25: 0 | AD25: 0 | AE25: 0.308 | AF25: 0 | AG25: 10044 | AK25: 12063755 | AL25: 12061353 | AM25: 12061354 | AN25: 12068566 | AP25: 12068565 | AQ25: 12062153= | AS25: 12068565
A26: R | B26: 43957 | C26: 43965 | D26: Week19 | E26: 43953 | F26: KL2000011 | G26: China | H26: Shanghai T&G International Trade Co.,Ltd. | I26: R-Wonton | J26: R-Wonton no egg | K26: Raw Wonton 50 pcs | L26: 082I9MN08050P00001 | M26: 630g.*8 packs | N26: 8 | O26: 50 | P26: 0.00681 | Q26: S | R26: STPP | S26: ซุปซอง 5g. | T26: 922 | V26: 922 | W26: =(V26+U26)-T26 -> 0 | X26: =IF(W26<0,((T26*N26)-((V26+U26)*N26)),0) -> 0 | Y26: =X26*O26 -> 0 | Z26: 6 | AA26: 0 | AB26: inner China ติด STK | AC26: 0 | AD26: 0 | AE26: 0.63 | AF26: 0 | AG26: 7376 | AJ26: R-014/2020 | AK26: 12004862 | AL26: 12055234 | AN26: 12056345=28/6 | AP26: 12056200 | AR26: 12036656(135)
B27: 43958 | C27: 43970 | D27: Week19 | E27: 43953 | F27: DRY2000193 | G27: USA | H27: Bellisio Foods, Inc. | I27: C-Wonton ND | J27: Wonton ND+V | K27: Cooked Wonton ND No Egg with Pumpkin + Yu Choy Low sodium | L27: 082SJBW36005P00001 | M27: 308g*6c*6in | N27: 36 | O27: 5 | P27: 0.0075 | Q27: HC | R27: Salt | S27: Y3 | T27: 513 | V27: 513 | W27: =(V27+U27)-T27 -> 0 | X27: =IF(W27<0,((T27*N27)-((V27+U27)*N27)),0) -> 0 | Y27: =X27*O27 -> 0 | AC27: 0 | AD27: 0 | AE27: 0.308 | AF27: 0 | AG27: 18468 | AK27: 12063755 | AL27: 12061353 | AM27: 12061354 | AN27: 12068566 | AP27: 12068565 | AQ27: 12062153= | AS27: 12068565
B28: 43958 | C28: 43970 | D28: Week19 | E28: 43953 | F28: DRY2000194 | G28: USA | H28: Bellisio Foods, Inc. | I28: C-Wonton ND | J28: Wonton ND+V | K28: Cooked Wonton ND No Egg with Pumpkin + Yu Choy Low sodium | L28: 082SJBW36005P00001 | M28: 308g*6c*6in | N28: 36 | O28: 5 | P28: 0.0075 | Q28: HC | R28: Salt | S28: Y3 | T28: 792 | V28: 792 | W28: =(V28+U28)-T28 -> 0 | X28: =IF(W28<0,((T28*N28)-((V28+U28)*N28)),0) -> 0 | Y28: =X28*O28 -> 0 | AC28: 0 | AD28: 0 | AE28: 0.308 | AF28: 0 | AG28: 28512 | AK28: 12063755 | AL28: 12061353 | AM28: 12061354 | AN28: 12068566 | AP28: 12068565 | AQ28: 12062153= | AS28: 12068565
B29: 43958 | C29: 43971 | D29: Week19 | E29: 43953 | F29: DRY2000195 | G29: USA | H29: Bellisio Foods, Inc. | I29: C-Wonton ND | J29: Wonton ND+V | K29: Cooked Wonton ND No Egg with Pumpkin + Yu Choy Low sodium | L29: 082SJBW36005P00001 | M29: 308g*6c*6in | N29: 36 | O29: 5 | P29: 0.0075 | Q29: HC | R29: Salt | S29: Y3 | T29: 792 | V29: 792 | W29: =(V29+U29)-T29 -> 0 | X29: =IF(W29<0,((T29*N29)-((V29+U29)*N29)),0) -> 0 | Y29: =X29*O29 -> 0 | AC29: 0 | AD29: 0 | AE29: 0.308 | AF29: 0 | AG29: 28512 | AK29: 12063755 | AL29: 12061353 | AM29: 12061354 | AN29: 12068566 | AP29: 12068565 | AQ29: 12062153= | AS29: 12068565
B30: 43958 | C30: 43971 | D30: Week19 | E30: 43953 | F30: DRY2000196 | G30: USA | H30: Bellisio Foods, Inc. | I30: C-Wonton ND | J30: Wonton ND+V | K30: Cooked Wonton ND No Egg with Pumpkin + Yu Choy Low sodium | L30: 082SJBW36005P00001 | M30: 308g*6c*6in | N30: 36 | O30: 5 | P30: 0.0075 | Q30: HC | R30: Salt | S30: Y3 | T30: 792 | V30: 792 | W30: =(V30+U30)-T30 -> 0 | X30: =IF(W30<0,((T30*N30)-((V30+U30)*N30)),0) -> 0 | Y30: =X30*O30 -> 0 | AC30: 0 | AD30: 0 | AE30: 0.308 | AF30: 0 | AG30: 28512 | AK30: 12063755 | AL30: 12061353 | AM30: 12061354 | AN30: 12068566 | AP30: 12068565 | AQ30: 12062153= | AS30: 12068565
B31: 43958 | C31: 43971 | D31: Week19 | E31: 43953 | F31: DRY2000197 | G31: USA | H31: Bellisio Foods, Inc. | I31: C-Wonton ND | J31: Wonton ND+V | K31: Cooked Wonton ND No Egg with Pumpkin + Yu Choy Low sodium | L31: 082SJBW36005P00001 | M31: 308g*6c*6in | N31: 36 | O31: 5 | P31: 0.0075 | Q31: HC | R31: Salt | S31: Y3 | T31: 792 | V31: 792 | W31: =(V31+U31)-T31 -> 0 | X31: =IF(W31<0,((T31*N31)-((V31+U31)*N31)),0) -> 0 | Y31: =X31*O31 -> 0 | AC31: 0 | AD31: 0 | AE31: 0.308 | AF31: 0 | AG31: 28512 | AK31: 12063755 | AL31: 12061353 | AM31: 12061354 | AN31: 12068566 | AP31: 12068565 | AQ31: 12062153= | AS31: 12068565
B32: 43958 | C32: 43973 | D32: Week19 | E32: 43953 | F32: DRY2000198 | G32: USA | H32: Bellisio Foods, Inc. | I32: C-Wonton ND | J32: Wonton ND+V | K32: Cooked Wonton ND No Egg with Pumpkin + Yu Choy Low sodium | L32: 082SJBW36005P00001 | M32: 308g*6c*6in | N32: 36 | O32: 5 | P32: 0.0075 | Q32: HC | R32: Salt | S32: Y3 | T32: 165 | V32: 165 | W32: =(V32+U32)-T32 -> 0 | X32: =IF(W32<0,((T32*N32)-((V32+U32)*N32)),0) -> 0 | Y32: =X32*O32 -> 0 | AC32: 0 | AD32: 0 | AE32: 0.308 | AF32: 0 | AG32: 5940 | AK32: 12063755 | AL32: 12061353 | AM32: 12061354 | AN32: 12068566 | AP32: 12068565 | AQ32: 12062153= | AS32: 12068565
A33: R | B33: 43958 | C33: 43965 | D33: Week19 | E33: 43953 | F33: KL2000011 | G33: China | H33: Shanghai T&G International Trade Co.,Ltd. | I33: R-Wonton | J33: R-Wonton no egg | K33: Raw Wonton 50 pcs | L33: 082I9MN08050P00001 | M33: 630g.*8 packs | N33: 8 | O33: 50 | P33: 0.00681 | Q33: S | R33: STPP | S33: ซุปซอง 5g. | T33: 855 | V33: 855 | W33: =(V33+U33)-T33 -> 0 | X33: =IF(W33<0,((T33*N33)-((V33+U33)*N33)),0) -> 0 | Y33: =X33*O33 -> 0 | Z33: 6 | AA33: 0 | AB33: inner China ติด STK | AC33: 0 | AD33: 0 | AE33: 0.63 | AF33: 0 | AG33: 6840 | AJ33: R-014/2020 | AK33: 12004862 | AL33: 12055234 | AN33: 12056345=28/6 | AP33: 12056200 | AR33: 12036656(135)
B34: 43959 | C34: 43963 | D34: Week19 | E34: 43953 | F34: DRY2000327 | G34: SG | H34: CPI Singapore | I34: C-Wonton ND | J34: Wonton ND+V | K34: Cooked Wonton ND No Egg with Pumpkin + Vegetable HC 3 pcs | L34: 082SJ3B24003P02001 | M34: 219g*24 | N34: 24 | O34: 3 | P34: 0.0075 | Q34: HC | R34: STPP | S34: ซุปซอง 10g | T34: 500 | W34: =(V34+U34)-T34 -> -500 | X34: =IF(W34<0,((T34*N34)-((V34+U34)*N34)),0) -> 12000 | Y34: =X34*O34 -> 36000 | Z34: 1 | AA34: 0 | AC34: 0 | AD34: 0 | AE34: 0.219 | AF34: 0 | AG34: 12000 | AK34: 12062338 | AL34: 12061353 | AM34: 12061354 | AO34: 12060808=9/7 | AP34: 12061325= | AQ34: 12060807= | AS34: 12061259=1/7 | AT34: 12064123= | AU34: 12064127=
B35: 43959 | C35: 43973 | D35: Week19 | E35: 43953 | F35: DRY2000198 | G35: USA | H35: Bellisio Foods, Inc. | I35: C-Wonton ND | J35: Wonton ND+V | K35: Cooked Wonton ND No Egg with Pumpkin + Yu Choy Low sodium | L35: 082SJBW36005P00001 | M35: 308g*6c*6in | N35: 36 | O35: 5 | P35: 0.0075 | Q35: HC | R35: Salt | S35: Y3 | T35: 627 | W35: =(V35+U35)-T35 -> -627 | X35: =IF(W35<0,((T35*N35)-((V35+U35)*N35)),0) -> 22572 | Y35: =X35*O35 -> 112860 | AC35: 0 | AD35: 0 | AE35: 0.308 | AF35: 0 | AG35: 22572 | AK35: 12063755 | AL35: 12061353 | AM35: 12061354 | AN35: 12068566 | AP35: 12068565 | AQ35: 12062153= | AS35: 12068565
B36: 43959 | C36: 43973 | D36: Week19 | E36: 43953 | F36: DRY2000199 | G36: USA | H36: Bellisio Foods, Inc. | I36: C-Wonton ND | J36: Wonton ND+V | K36: Cooked Wonton ND No Egg with Pumpkin + Yu Choy Low sodium | L36: 082SJBW36005P00001 | M36: 308g*6c*6in | N36: 36 | O36: 5 | P36: 0.0075 | Q36: HC | R36: Salt | S36: Y3 | T36: 792 | W36: =(V36+U36)-T36 -> -792 | X36: =IF(W36<0,((T36*N36)-((V36+U36)*N36)),0) -> 28512 | Y36: =X36*O36 -> 142560 | AC36: 0 | AD36: 0 | AE36: 0.308 | AF36: 0 | AG36: 28512 | AK36: 12063755 | AL36: 12061353 | AM36: 12061354 | AN36: 12068566 | AP36: 12068565 | AQ36: 12062153= | AS36: 12068565
B37: 43959 | C37: 43977 | D37: Week19 | E37: 43953 | F37: DRY2000200 | G37: USA | H37: Bellisio Foods, Inc. | I37: C-Wonton ND | J37: Wonton ND+V | K37: Cooked Wonton ND No Egg with Pumpkin + Yu Choy Low sodium | L37: 082SJBW36005P00001 | M37: 308g*6c*6in | N37: 36 | O37: 5 | P37: 0.0075 | Q37: HC | R37: Salt | S37: Y3 | T37: 762 | W37: =(V37+U37)-T37 -> -762 | X37: =IF(W37<0,((T37*N37)-((V37+U37)*N37)),0) -> 27432 | Y37: =X37*O37 -> 137160 | AC37: 0 | AD37: 0 | AE37: 0.308 | AF37: 0 | AG37: 27432 | AK37: 12063755 | AL37: 12061353 | AM37: 12061354 | AN37: 12068566 | AP37: 12068565 | AQ37: 12062153= | AS37: 12068565
B38: 43959 | C38: 43978 | D38: Week19 | E38: 43953 | F38: DRY2000201 | G38: USA | H38: Bellisio Foods, Inc. | I38: C-Wonton ND | J38: Wonton ND+V | K38: Cooked Wonton ND No Egg with Pumpkin + Yu Choy Low sodium | L38: 082SJBW36005P00001 | M38: 308g*6c*6in | N38: 36 | O38: 5 | P38: 0.0075 | Q38: HC | R38: Salt | S38: Y3 | T38: 792 | W38: =(V38+U38)-T38 -> -792 | X38: =IF(W38<0,((T38*N38)-((V38+U38)*N38)),0) -> 28512 | Y38: =X38*O38 -> 142560 | AC38: 0 | AD38: 0 | AE38: 0.308 | AF38: 0 | AG38: 28512 | AK38: 12063755 | AL38: 12061353 | AM38: 12061354 | AN38: 12068566 | AP38: 12068565 | AQ38: 12062153= | AS38: 12068565
B39: 43959 | C39: 43978 | D39: Week19 | E39: 43953 | F39: DRY2000202 | G39: USA | H39: Bellisio Foods, Inc. | I39: C-Wonton ND | J39: Wonton ND+V | K39: Cooked Wonton ND No Egg with Pumpkin + Yu Choy Low sodium | L39: 082SJBW36005P00001 | M39: 308g*6c*6in | N39: 36 | O39: 5 | P39: 0.0075 | Q39: HC | R39: Salt | S39: Y3 | T39: 420 | W39: =(V39+U39)-T39 -> -420 | X39: =IF(W39<0,((T39*N39)-((V39+U39)*N39)),0) -> 15120 | Y39: =X39*O39 -> 75600 | AC39: 0 | AD39: 0 | AE39: 0.308 | AF39: 0 | AG39: 15120 | AK39: 12063755 | AL39: 12061353 | AM39: 12061354 | AN39: 12068566 | AP39: 12068565 | AQ39: 12062153= | AS39: 12068565
A40: R | B40: 43959 | C40: 43952 | D40: Week19 | E40: 43953 | F40: ขายภายใน | G40: CP Catering | H40: ซีพีเอฟ เทรดดิ้ง | I40: R-Wonton | J40: R-Wonton egg past | K40: Raw Wonton 50 pcs OISHI | L40: 082S01508600G01001 | M40: 600g.*8 packs | N40: 8 | O40: 50 | P40: 0.00813 | Q40: M | R40: STPP | S40: - | T40: 100 | W40: =(V40+U40)-T40 -> -100 | X40: =IF(W40<0,((T40*N40)-((V40+U40)*N40)),0) -> 800 | Y40: =X40*O40 -> 40000 | AA40: 0 | AC40: 0 | AD40: 0 | AE40: 0.6 | AF40: 0 | AG40: 800 | AJ40: R-080/2019 | AK40: 12045770 | AL40: 12038019= | AN40: 12055751=2/7 | AP40: 12049471= | AR40: 12038020(355)
A41: R | B41: 43959 | C41: 43963 | D41: Week19 | E41: 43953 | F41: DRY2000307 | G41: SG | H41: CPI SINGAPORE | I41: R-Wonton | J41: R-Wonton egg past | K41: Raw Wonton 12 pcs | L41: 082I93B20012P06001 | M41: 154g*20inner | N41: 20 | O41: 12 | P41: 0.00681 | Q41: S | R41: STPP | S41: ซุปซอง 5g. | T41: 1400 | W41: =(V41+U41)-T41 -> -1400 | X41: =IF(W41<0,((T41*N41)-((V41+U41)*N41)),0) -> 28000 | Y41: =X41*O41 -> 336000 | Z41: 2 | AA41: 0 | AB41: ห่อแบบสุก | AC41: 0 | AD41: 0 | AE41: 0.154 | AF41: 0 | AG41: 28000 | AK41: 12045770 | AL41: 12019692= | AN41: 12055901= | AP41: 12055893= | AR41: 12045309(248)=
B42: 43960 | C42: 44025 | D42: Week19 | E42: 43953 | F42: DRY2000299 | G42: USA | H42: Bellisio Foods, Inc. (99 RANCH) | I42: C-Wonton | J42: Wonton | K42: Cooked Wonton Soup No Egg | L42: 082S8BW36005P00001 | M42: 145g*6c*6in | N42: 36 | O42: 5 | P42: 0.008 | Q42: M | R42: Salt | S42: Regular | T42: 550 | U42: 7.4722222 | V42: 544 | W42: =(V42+U42)-T42 -> 1.4722222 | X42: =IF(W42<0,((T42*N42)-((V42+U42)*N42)),0) -> 0 | Y42: =X42*O42 -> 0 | AC42: 0 | AD42: 0 | AE42: 0.145 | AF42: 0 | AG42: 19800 | AJ42: 008/2020 | AK42: 12062338 | AL42: 12047514 | AM42: 12047515 | AN42: 12069427=18/2=3680 | AP42: 12069428=18/2=603 | AQ42: 12024404=26/2=603 | AS42: 12069426=18/2=21750
B43: 43960 | C43: 43979 | D43: Week19 | E43: 43953 | F43: DRY2000298 | G43: USA | H43: Bellisio Foods, Inc. | I43: C-Wonton | J43: Wonton | K43: Cooked Wonton Soup No Egg | L43: 082S8BW08005P00001 | M43: 145g*8 | N43: 8 | O43: 5 | P43: 0.008 | Q43: M | R43: Salt | S43: Regular | T43: 1000 | V43: 1000 | W43: =(V43+U43)-T43 -> 0 | X43: =IF(W43<0,((T43*N43)-((V43+U43)*N43)),0) -> 0 | Y43: =X43*O43 -> 0 | AC43: 0 | AD43: 0 | AE43: 0.145 | AF43: 0.26622 | AG43: 8000 | AJ43: 032/2020 | AK43: 12062338 | AL43: 12047514 | AM43: 12047515 | AN43: 12069396=11/6 | AP43: 12069395=
B44: 43960 | C44: 43984 | D44: Week19 | E44: 43953 | F44: DRY2000303 | G44: USA | H44: Bellisio Foods, Inc. | I44: C-Wonton | J44: Wonton | K44: Cooked Wonton Soup No Egg | L44: 082S8BW08005P00001 | M44: 145g*8 | N44: 8 | O44: 5 | P44: 0.008 | Q44: M | R44: Salt | S44: Regular | T44: 3322.125 | V44: 3322.125 | W44: =(V44+U44)-T44 -> 0 | X44: =IF(W44<0,((T44*N44)-((V44+U44)*N44)),0) -> 0 | Y44: =X44*O44 -> 0 | AC44: 0 | AD44: 0 | AE44: 0.145 | AF44: 0.26622 | AG44: 26577 | AJ44: 032/2020 | AK44: 12062338 | AL44: 12047514 | AM44: 12047515 | AN44: 12069396=11/6 | AP44: 12069395=
B45: 43960 | C45: 43963 | D45: Week19 | E45: 43953 | F45: DRY2000300 | G45: SG | H45: CPI SINGAPORE | I45: C-Wonton | J45: Wonton | K45: Cooked Wonton No Egg | L45: 082S83B24005P07001 | M45: 145g*24 | N45: 24 | O45: 5 | P45: 0.008 | Q45: M | R45: STPP | S45: Regular | T45: 511 | V45: 511 | W45: =(V45+U45)-T45 -> 0 | X45: =IF(W45<0,((T45*N45)-((V45+U45)*N45)),0) -> 0 | Y45: =X45*O45 -> 0 | AC45: 0 | AD45: 0 | AE45: 0.145 | AF45: 0 | AG45: 12264 | AJ45: 011/2020 | AK45: 12062338 | AL45: 12047514 | AM45: 12047515 | AO45: 12026902=9/7 | AP45: 12054724= | AQ45: 12026904= | AS45: 12054436=1/7 | AT45: 12054433= | AU45: 12054434=
B46: 43960 | C46: 43963 | D46: Week19 | E46: 43953 | F46: DRY2000301 | G46: SG | H46: CPI SINGAPORE | I46: C-Wonton | J46: Wonton TY | K46: Cooked Wonton No Egg | L46: 082S83B24005P06001 | M46: 115g*24 | N46: 24 | O46: 5 | P46: 0.008 | Q46: M | R46: STPP | S46: TYTB3C 30G | T46: 500 | V46: 500 | W46: =(V46+U46)-T46 -> 0 | X46: =IF(W46<0,((T46*N46)-((V46+U46)*N46)),0) -> 0 | Y46: =X46*O46 -> 0 | Z46: 1 | AA46: 0 | AC46: 0 | AD46: 0 | AE46: 0.115 | AF46: 0 | AG46: 12000 | AJ46: 012/2020 | AK46: 12062338 | AL46: 12047514 | AM46: 12047515 | AO46: 12026902=9/7 | AP46: 12054722= | AQ46: 12026904= | AS46: 12061939=1/7 | AT46: 12061940= | AU46: 12061938=
A47: add21/4 | B47: 43960 | C47: 43983 | D47: Week19 | E47: 43953 | F47: ขายภายใน | G47: FM | H47: CP fresh Mart | I47: C-Mince wonton | J47: Minced WT | K47: Minced Wonton No Egg (5pcs) | L47: 082SKFA24005P03001 | M47: 135g*24 | N47: 24 | O47: 5 | P47: 0.008 | Q47: BK | R47: STPP | S47: Regular | T47: 1500 | V47: 1500 | W47: =(V47+U47)-T47 -> 0 | X47: =IF(W47<0,((T47*N47)-((V47+U47)*N47)),0) -> 0 | Y47: =X47*O47 -> 0 | AC47: 0 | AD47: 0 | AE47: 0.135 | AF47: 0 | AG47: 36000 | AK47: 12062338 | AL47: 12047514 | AM47: 12047515 | AP47: 12069365= | AS47: 12069363= | AT47: 12069364=
A48: R | B48: 43960 | C48: 43966 | D48: Week19 | E48: 43953 | F48: DRY2000308 | G48: SG | H48: CPI SINGAPORE | I48: R-Wonton | J48: R-Wonton egg past | K48: Raw Wonton 8 pcs | L48: 082I93B20008P00001 | M48: 194g*20inner | N48: 20 | O48: 8 | P48: 0.0015 | Q48: JB | R48: STPP | S48: ซุปซอง 5g. | T48: 500 | V48: 500 | W48: =(V48+U48)-T48 -> 0 | X48: =IF(W48<0,((T48*N48)-((V48+U48)*N48)),0) -> 0 | Y48: =X48*O48 -> 0 | Z48: 2 | AA48: 0 | AB48: ห่อแบบดิบ | AC48: 0 | AD48: 0 | AE48: 0.194 | AF48: 0 | AG48: 10000 | AL48: 12064528= | AN48: 12064478 | AP48: 12064493= | AR48: 12064535(280)=
A49: R | B49: 43960 | C49: 43966 | D49: Week19 | E49: 43953 | F49: DRY2000309 | G49: SG | H49: CPI SINGAPORE | I49: R-Wonton | J49: R-Wonton egg past | K49: Raw Wonton 12 pcs | L49: 082I93B20012P06001 | M49: 154g*20inner | N49: 20 | O49: 12 | P49: 0.00681 | Q49: S | R49: STPP | S49: ซุปซอง 5g. | T49: 1134 | V49: 1134 | W49: =(V49+U49)-T49 -> 0 | X49: =IF(W49<0,((T49*N49)-((V49+U49)*N49)),0) -> 0 | Y49: =X49*O49 -> 0 | Z49: 2 | AA49: 0 | AB49: ห่อแบบสุก | AC49: 0 | AD49: 0 | AE49: 0.154 | AF49: 0 | AG49: 22680 | AK49: 12045770 | AL49: 12019692= | AN49: 12055901= | AP49: 12055893= | AR49: 12045309(248)=
B50: 43961 | D50: Week20 | E50: 43953
B51: 43962 | C51: 43980 | D51: Week20 | E51: 43953 | F51: DRY2000105 | G51: CAN | H51: CP Foods Canada,Inc | I51: C-Wonton ND | J51: Wonton ND | K51: Cooked Wonton Noodle (Enriched wonton sheet&noodles) | L51: 082SJ5312005P01001 | M51: 258g*12 | N51: 12 | O51: 5 | P51: 0.008 | Q51: M | R51: Salt | S51: Regular | T51: 2600 | U51: =(538+30662)/12-2600 -> 0 | V51: 2600 | W51: =(V51+U51)-T51 -> 0 | X51: =IF(W51<0,((T51*N51)-((V51+U51)*N51)),0) -> 0 | AC51: =SUM(O51*P51*X51) -> 0 | AD51: =AC51/0.54 -> 0 | AE51: =MID(M51,1,3)/1000 -> 0.258 | AF51: =(X51*AE51)/1000 -> 0 | AG51: =T51*N51 -> 31200 | AJ51: 228/2019 | AK51: 12062338 | AL51: 12042650 | AM51: 12042649 | AN51: 12060840= | AP51: 12060849=
B52: 43962 | C52: 43969 | D52: Week20 | E52: 43953 | F52: KL2000008 | G52: China | H52: Charoen Pokphand Import&Export Trading (Shanghai) Co., Ltd | I52: C-Wonton ND | J52: Wonton ND | K52: Cooked Wonton Noodle No Egg | L52: 082SJ5J24005P02001 | M52: 183g*24 | N52: 24 | O52: 5 | P52: 0.008 | Q52: M | R52: STPP | S52: ซุปซอง 5g. | T52: 250 | V52: =16+234 -> 250 | W52: =(V52+U52)-T52 -> 0 | X52: =IF(W52<0,((T52*N52)-((V52+U52)*N52)),0) -> 0 | Z52: 1 | AA52: =X52*Z52 -> 0 | AC52: =SUM(O52*P52*X52) -> 0 | AD52: =AC52/0.54 -> 0 | AE52: =MID(M52,1,3)/1000 -> 0.183 | AF52: =(X52*AE52)/1000 -> 0 | AG52: =T52*N52 -> 6000 | AK52: 12062338 | AL52: 12042650 | AM52: 12042649 | AO52: 12054217=25/5 | AP52: 12064631=25/5 | AQ52: 12054246= | AS52: 12055328=33700 | AT52: 12064634=15/5 | AU52: 12064635=
B53: 43962 | C53: 43971 | D53: Week20 | E53: 43953 | F53: KL2000009 | G53: China | H53: Charoen Pokphand Import&Export Trading (Shanghai) Co., Ltd | I53: C-Wonton ND | J53: Wonton ND | K53: Cooked Wonton Noodle No Egg | L53: 082SJ5J24005P02001 | M53: 183g*24 | N53: 24 | O53: 5 | P53: 0.008 | Q53: M | R53: STPP | S53: ซุปซอง 5g. | T53: 250 | V53: 250 | W53: =(V53+U53)-T53 -> 0 | X53: =IF(W53<0,((T53*N53)-((V53+U53)*N53)),0) -> 0 | Z53: 1 | AA53: =X53*Z53 -> 0 | AC53: =SUM(O53*P53*X53) -> 0 | AD53: =AC53/0.54 -> 0 | AE53: =MID(M53,1,3)/1000 -> 0.183 | AF53: =(X53*AE53)/1000 -> 0 | AG53: =T53*N53 -> 6000 | AK53: 12062338 | AL53: 12042650 | AM53: 12042649 | AO53: 12054217=25/5 | AP53: 12064631=25/5 | AQ53: 12054246= | AS53: 12055328=33700 | AT53: 12064634=15/5 | AU53: 12064635=
B54: 43962 | C54: 43969 | D54: Week20 | E54: 43953 | F54: KL2000008 | G54: China | H54: Charoen Pokphand Import&Export Trading (Shanghai) Co., Ltd | I54: C-Wonton ND | J54: Wonton ND TY | K54: Cooked Wonton Noodle Tomyum 3 pcs | L54: 082SJ5J24003P04001 | M54: 184g*24 | N54: 24 | O54: 3 | P54: 0.008 | Q54: M | R54: STPP | S54: TYTB3C 42G | T54: 150 | V54: =1+149 -> 150 | W54: =(V54+U54)-T54 -> 0 | X54: =IF(W54<0,((T54*N54)-((V54+U54)*N54)),0) -> 0 | Z54: 1 | AA54: =X54*Z54 -> 0 | AC54: =SUM(O54*P54*X54) -> 0 | AD54: =AC54/0.54 -> 0 | AE54: =MID(M54,1,3)/1000 -> 0.184 | AF54: =(X54*AE54)/1000 -> 0 | AG54: =T54*N54 -> 3600 | AK54: 12062338 | AL54: 12042650 | AM54: 12042649 | AO54: 12054217=25/5 | AP54: 12055578=25/5 | AQ54: 12055578 | AS54: 12055338=15/5 | AT54: 12055339= | AU54: 12055356=
B55: 43962 | C55: 43971 | D55: Week20 | E55: 43953 | F55: KL2000009 | G55: China | H55: Charoen Pokphand Import&Export Trading (Shanghai) Co., Ltd | I55: C-Wonton ND | J55: Wonton ND TY | K55: Cooked Wonton Noodle Tomyum 3 pcs | L55: 082SJ5J24003P04001 | M55: 184g*24 | N55: 24 | O55: 3 | P55: 0.008 | Q55: M | R55: STPP | S55: TYTB3C 42G | T55: 150 | V55: 150 | W55: =(V55+U55)-T55 -> 0 | X55: =IF(W55<0,((T55*N55)-((V55+U55)*N55)),0) -> 0 | Z55: 1 | AA55: =X55*Z55 -> 0 | AC55: =SUM(O55*P55*X55) -> 0 | AD55: =AC55/0.54 -> 0 | AE55: =MID(M55,1,3)/1000 -> 0.184 | AF55: =(X55*AE55)/1000 -> 0 | AG55: =T55*N55 -> 3600 | AK55: 12062338 | AL55: 12042650 | AM55: 12042649 | AO55: 12054217=25/5 | AP55: 12055578=25/5 | AQ55: 12055578 | AS55: 12055338=15/5 | AT55: 12055339= | AU55: 12055356=
A56: ชดเชยกัก | B56: 43962 | C56: 43978 | D56: Week20 | E56: 43953 | F56: ชดเชยกัก | G56: USA | H56: Bellisio Foods, Inc. | I56: C-Wonton ND | J56: Wonton ND+V | K56: Cooked Wonton ND No Egg with Pumpkin + Yu Choy Low sodium | L56: 082SJBW36005P00001 | M56: 308g*6c*6in | N56: 36 | O56: 5 | P56: 0.0075 | Q56: HC | R56: Salt | S56: Y3 | T56: 120 | V56: 120 | W56: =(V56+U56)-T56 -> 0 | X56: =IF(W56<0,((T56*N56)-((V56+U56)*N56)),0) -> 0 | AC56: =SUM(O56*P56*X56) -> 0 | AD56: =AC56/0.54 -> 0 | AE56: =MID(M56,1,3)/1000 -> 0.308 | AF56: =(X56*AE56)/1000 -> 0 | AG56: =T56*N56 -> 4320 | AK56: 12063755 | AL56: 12061353 | AM56: 12061354 | AN56: 12068566 | AP56: 12068565 | AQ56: 12062153= | AS56: 12068565
B57: 43962 | C57: 43978 | D57: Week20 | E57: 43953 | F57: DRY2000202 | G57: USA | H57: Bellisio Foods, Inc. | I57: C-Wonton ND | J57: Wonton ND+V | K57: Cooked Wonton ND No Egg with Pumpkin + Yu Choy Low sodium | L57: 082SJBW36005P00001 | M57: 308g*6c*6in | N57: 36 | O57: 5 | P57: 0.0075 | Q57: HC | R57: Salt | S57: Y3 | T57: =792-420 -> 372 | V57: 372 | W57: =(V57+U57)-T57 -> 0 | X57: =IF(W57<0,((T57*N57)-((V57+U57)*N57)),0) -> 0 | AC57: =SUM(O57*P57*X57) -> 0 | AD57: =AC57/0.54 -> 0 | AE57: =MID(M57,1,3)/1000 -> 0.308 | AF57: =(X57*AE57)/1000 -> 0 | AG57: =T57*N57 -> 13392 | AK57: 12063755 | AL57: 12061353 | AM57: 12061354 | AN57: 12068566 | AP57: 12068565 | AQ57: 12062153= | AS57: 12068565
B58: 43962 | C58: 43978 | D58: Week20 | E58: 43953 | F58: DRY2000203 | G58: USA | H58: Bellisio Foods, Inc. | I58: C-Wonton ND | J58: Wonton ND+V | K58: Cooked Wonton ND No Egg with Pumpkin + Yu Choy Low sodium | L58: 082SJBW36005P00001 | M58: 308g*6c*6in | N58: 36 | O58: 5 | P58: 0.0075 | Q58: HC | R58: Salt | S58: Y3 | T58: 792 | V58: 792 | W58: =(V58+U58)-T58 -> 0 | X58: =IF(W58<0,((T58*N58)-((V58+U58)*N58)),0) -> 0 | AC58: =SUM(O58*P58*X58) -> 0 | AD58: =AC58/0.54 -> 0 | AE58: =MID(M58,1,3)/1000 -> 0.308 | AF58: =(X58*AE58)/1000 -> 0 | AG58: =T58*N58 -> 28512 | AK58: 12063755 | AL58: 12061353 | AM58: 12061354 | AN58: 12068566 | AP58: 12068565 | AQ58: 12062153= | AS58: 12068565
B59: 43962 | C59: 43978 | D59: Week20 | E59: 43953 | F59: DRY2000204 | G59: USA | H59: Bellisio Foods, Inc. | I59: C-Wonton ND | J59: Wonton ND+V | K59: Cooked Wonton ND No Egg with Pumpkin + Yu Choy Low sodium | L59: 082SJBW36005P00001 | M59: 308g*6c*6in | N59: 36 | O59: 5 | P59: 0.0075 | Q59: HC | R59: Salt | S59: Y3 | T59: 328 | V59: =1612-120-372-792 -> 328 | W59: =(V59+U59)-T59 -> 0 | X59: =IF(W59<0,((T59*N59)-((V59+U59)*N59)),0) -> 0 | AC59: =SUM(O59*P59*X59) -> 0 | AD59: =AC59/0.54 -> 0 | AE59: =MID(M59,1,3)/1000 -> 0.308 | AF59: =(X59*AE59)/1000 -> 0 | AG59: =T59*N59 -> 11808 | AK59: 12063755 | AL59: 12061353 | AM59: 12061354 | AN59: 12068566 | AP59: 12068565 | AQ59: 12062153= | AS59: 12068565
A60: R | B60: 43962 | C60: 43966 | D60: Week20 | E60: 43953 | F60: DRY2000309 | G60: SG | H60: CPI SINGAPORE | I60: R-Wonton | J60: R-Wonton egg past | K60: Raw Wonton 12 pcs | L60: 082I93B20012P06001 | M60: 154g*20inner | N60: 20 | O60: 12 | P60: 0.00681 | Q60: S | R60: STPP | S60: ซุปซอง 5g. | T60: =1655-1134+44 -> 565 | V60: =521+44 -> 565 | W60: =(V60+U60)-T60 -> 0 | X60: =IF(W60<0,((T60*N60)-((V60+U60)*N60)),0) -> 0 | Y60: =O60*X60 -> 0 | Z60: 2 | AA60: =X60*Z60 -> 0 | AB60: ห่อแบบสุก | AC60: =SUM(O60*P60*X60) -> 0 | AD60: =AC60/0.54 -> 0 | AE60: =MID(M60,1,3)/1000 -> 0.154 | AF60: =(X60*AE60)/1000 -> 0 | AG60: =T60*N60 -> 11300 | AK60: 12045770 | AL60: 12019692= | AN60: 12055901= | AP60: 12055893= | AR60: 12045309(248)=
A61: R | B61: 43962 | C61: 43969 | D61: Week20 | E61: 43953 | F61: KL2000008 | G61: China | H61: Charoen Pokphand Import&Export Trading (Shanghai) Co., Ltd | I61: R-Wonton | J61: R-Wonton no egg | K61: Raw Wonton 12 pcs | L61: 082I95J20012P04001 | M61: 154g*20inner | N61: 20 | O61: 12 | P61: 0.00681 | Q61: S | R61: STPP | S61: ซุปซอง 5g. | T61: 1200 | V61: =59+1041+100 -> 1200 | W61: =(V61+U61)-T61 -> 0 | X61: =IF(W61<0,((T61*N61)-((V61+U61)*N61)),0) -> 0 | Y61: =O61*X61 -> 0 | Z61: 2 | AA61: =X61*Z61 -> 0 | AC61: =SUM(O61*P61*X61) -> 0 | AD61: =AC61/0.54 -> 0 | AE61: =MID(M61,1,3)/1000 -> 0.154 | AF61: =(X61*AE61)/1000 -> 0 | AG61: =T61*N61 -> 24000 | AK61: 12033473 | AL61: 12019692= | AN61: 12026905=14/6 | AP61: 12027007 | AR61: 12045309(248)=
B62: 43963 | C62: 43969 | D62: Week20 | E62: 43953 | F62: ขายภายใน | G62: .7-11 | H62: Seven ถ้วยดำ | I62: C-Wonton | J62: Wonton | K62: Cooked Wonton No Egg .7-11 | L62: 082S81A24005P04001 | M62: 145g*24 | N62: 24 | O62: 5 | P62: 0.008 | Q62: M | R62: STPP | S62: Regular | T62: 3080 | V62: =3080 -> 3080 | W62: =(V62+U62)-T62 -> 0 | X62: =IF(W62<0,((T62*N62)-((V62+U62)*N62)),0) -> 0 | AC62: =SUM(O62*P62*X62) -> 0 | AD62: =AC62/0.54 -> 0 | AE62: =MID(M62,1,3)/1000 -> 0.145 | AF62: =(X62*AE62)/1000 -> 0 | AG62: =T62*N62 -> 73920 | AK62: 12062338 | AL62: 12047514 | AM62: 12047515 | AP62: 12055314= | AS62: 12064588 | AT62: 12064587 รอแบบ
B63: 43963 | C63: 43977 | D63: Week20 | E63: 43953 | F63: DRY2000321 | G63: Spain | H63: CPM SPAIN | I63: C-Wonton ND | J63: Wonton ND+V | K63: Cooked Wonton ND No Egg with Pumpkin + Vegetable HC 3 pcs | L63: 082SJ5T12003P00001 | M63: 309g*12 | N63: 12 | O63: 3 | P63: 0.0075 | Q63: HC | R63: Salt | S63: Regular | T63: 2520 | V63: =12+2432 -> 2444 | W63: =(V63+U63)-T63 -> -76 | X63: =IF(W63<0,((T63*N63)-((V63+U63)*N63)),0) -> 912 | AC63: =SUM(O63*P63*X63) -> 20.52 | AD63: =AC63/0.54 -> 38 | AE63: =MID(M63,1,3)/1000 -> 0.309 | AF63: =(X63*AE63)/1000 -> 0.281808 | AG63: =T63*N63 -> 30240 | AK63: 12033473 | AL63: 12061353 | AM63: 12061354 | AP63: 12073316 | AS63: 12073342 | AT63: 12073344 | AU63: 12073343
B64: 43963 | C64: 43978 | D64: Week20 | E64: 43953 | F64: DRY2000204 | G64: USA | H64: Bellisio Foods, Inc. | I64: C-Wonton ND | J64: Wonton ND+V | K64: Cooked Wonton ND No Egg with Pumpkin + Yu Choy Low sodium | L64: 082SJBW36005P00001 | M64: 308g*6c*6in | N64: 36 | O64: 5 | P64: 0.0075 | Q64: HC | R64: Salt | S64: Y3 | T64: =792-328 -> 464 | V64: 464 | W64: =(V64+U64)-T64 -> 0 | X64: =IF(W64<0,((T64*N64)-((V64+U64)*N64)),0) -> 0 | AC64: =SUM(O64*P64*X64) -> 0 | AD64: =AC64/0.54 -> 0 | AE64: =MID(M64,1,3)/1000 -> 0.308 | AF64: =(X64*AE64)/1000 -> 0 | AG64: =T64*N64 -> 16704 | AK64: 12063755 | AL64: 12061353 | AM64: 12061354 | AN64: 12068566 | AP64: 12068565 | AQ64: 12062153= | AS64: 12068565
B65: 43963 | C65: 43978 | D65: Week20 | E65: 43953 | F65: DRY2000205 | G65: USA | H65: Bellisio Foods, Inc. | I65: C-Wonton ND | J65: Wonton ND+V | K65: Cooked Wonton ND No Egg with Pumpkin + Yu Choy Low sodium | L65: 082SJBW36005P00001 | M65: 308g*6c*6in | N65: 36 | O65: 5 | P65: 0.0075 | Q65: HC | R65: Salt | S65: Y3 | T65: 637 | V65: =637 -> 637 | W65: =(V65+U65)-T65 -> 0 | X65: =IF(W65<0,((T65*N65)-((V65+U65)*N65)),0) -> 0 | AC65: =SUM(O65*P65*X65) -> 0 | AD65: =AC65/0.54 -> 0 | AE65: =MID(M65,1,3)/1000 -> 0.308 | AF65: =(X65*AE65)/1000 -> 0 | AG65: =T65*N65 -> 22932 | AK65: 12063755 | AL65: 12061353 | AM65: 12061354 | AN65: 12068566 | AP65: 12068565 | AQ65: 12062153= | AS65: 12068565
A66: R | B66: 43963 | C66: 43969 | D66: Week20 | E66: 43953 | F66: KL2000008 | G66: China | H66: Charoen Pokphand Import&Export Trading (Shanghai) Co., Ltd | I66: R-Wonton | J66: R-Wonton no egg | K66: Raw Wonton 50 pcs | L66: 082I95J08050P03001 | M66: 630g.*8 packs | N66: 8 | O66: 50 | P66: 0.00681 | Q66: S | R66: STPP | S66: ซุปซอง 5g. | T66: 800 | V66: 800 | W66: =(V66+U66)-T66 -> 0 | X66: =IF(W66<0,((T66*N66)-((V66+U66)*N66)),0) -> 0 | Y66: =O66*X66 -> 0 | Z66: 6 | AA66: =X66*Z66 -> 0 | AC66: =SUM(O66*P66*X66) -> 0 | AD66: =AC66/0.54 -> 0 | AE66: =MID(M66,1,3)/1000 -> 0.63 | AF66: =(X66*AE66)/1000 -> 0 | AG66: =T66*N66 -> 6400 | AK66: 12004862 | AL66: 12055234 | AN66: 12056345=28/6 | AP66: 12056200 | AR66: 12036656(135)
B67: 43964 | C67: 43978 | D67: Week20 | E67: 43953 | F67: DRY2000205 | G67: USA | H67: Bellisio Foods, Inc. | I67: C-Wonton ND | J67: Wonton ND+V | K67: Cooked Wonton ND No Egg with Pumpkin + Yu Choy Low sodium | L67: 082SJBW36005P00001 | M67: 308g*6c*6in | N67: 36 | O67: 5 | P67: 0.0075 | Q67: HC | R67: Salt | S67: Y3 | T67: =792-637 -> 155 | V67: 155 | W67: =(V67+U67)-T67 -> 0 | X67: =IF(W67<0,((T67*N67)-((V67+U67)*N67)),0) -> 0 | AC67: =SUM(O67*P67*X67) -> 0 | AD67: =AC67/0.54 -> 0 | AE67: =MID(M67,1,3)/1000 -> 0.308 | AF67: =(X67*AE67)/1000 -> 0 | AG67: =T67*N67 -> 5580 | AK67: 12063755 | AL67: 12061353 | AM67: 12061354 | AN67: 12068566 | AP67: 12068565 | AQ67: 12062153= | AS67: 12068565
B68: 43964 | C68: 43980 | D68: Week20 | E68: 43953 | F68: DRY2000206 | G68: USA | H68: Bellisio Foods, Inc. | I68: C-Wonton ND | J68: Wonton ND+V | K68: Cooked Wonton ND No Egg with Pumpkin + Yu Choy Low sodium | L68: 082SJBW36005P00001 | M68: 308g*6c*6in | N68: 36 | O68: 5 | P68: 0.0075 | Q68: HC | R68: Salt | S68: Y3 | T68: 792 | V68: 792 | W68: =(V68+U68)-T68 -> 0 | X68: =IF(W68<0,((T68*N68)-((V68+U68)*N68)),0) -> 0 | AC68: =SUM(O68*P68*X68) -> 0 | AD68: =AC68/0.54 -> 0 | AE68: =MID(M68,1,3)/1000 -> 0.308 | AF68: =(X68*AE68)/1000 -> 0 | AG68: =T68*N68 -> 28512 | AK68: 12063755 | AL68: 12061353 | AM68: 12061354 | AN68: 12068566 | AP68: 12068565 | AQ68: 12062153= | AS68: 12068565
B69: 43964 | C69: 43980 | D69: Week20 | E69: 43953 | F69: DRY2000207 | G69: USA | H69: Bellisio Foods, Inc. | I69: C-Wonton ND | J69: Wonton ND+V | K69: Cooked Wonton ND No Egg with Pumpkin + Yu Choy Low sodium | L69: 082SJBW36005P00001 | M69: 308g*6c*6in | N69: 36 | O69: 5 | P69: 0.0075 | Q69: HC | R69: Salt | S69: Y3 | T69: 792 | V69: 792 | W69: =(V69+U69)-T69 -> 0 | X69: =IF(W69<0,((T69*N69)-((V69+U69)*N69)),0) -> 0 | AC69: =SUM(O69*P69*X69) -> 0 | AD69: =AC69/0.54 -> 0 | AE69: =MID(M69,1,3)/1000 -> 0.308 | AF69: =(X69*AE69)/1000 -> 0 | AG69: =T69*N69 -> 28512 | AK69: 12063755 | AL69: 12061353 | AM69: 12061354 | AN69: 12068566 | AP69: 12068565 | AQ69: 12062153= | AS69: 12068565
B70: 43964 | C70: 43980 | D70: Week20 | E70: 43953 | F70: DRY2000208 | G70: USA | H70: Bellisio Foods, Inc. | I70: C-Wonton ND | J70: Wonton ND+V | K70: Cooked Wonton ND No Egg with Pumpkin + Yu Choy Low sodium | L70: 082SJBW36005P00001 | M70: 308g*6c*6in | N70: 36 | O70: 5 | P70: 0.0075 | Q70: HC | R70: Salt | S70: Y3 | T70: 792 | V70: 792 | W70: =(V70+U70)-T70 -> 0 | X70: =IF(W70<0,((T70*N70)-((V70+U70)*N70)),0) -> 0 | AC70: =SUM(O70*P70*X70) -> 0 | AD70: =AC70/0.54 -> 0 | AE70: =MID(M70,1,3)/1000 -> 0.308 | AF70: =(X70*AE70)/1000 -> 0 | AG70: =T70*N70 -> 28512 | AK70: 12063755 | AL70: 12061353 | AM70: 12061354 | AN70: 12068566 | AP70: 12068565 | AQ70: 12062153= | AS70: 12068565
B71: 43964 | C71: 43980 | D71: Week20 | E71: 43953 | F71: DRY2000209 | G71: USA | H71: Bellisio Foods, Inc. | I71: C-Wonton ND | J71: Wonton ND+V | K71: Cooked Wonton ND No Egg with Pumpkin + Yu Choy Low sodium | L71: 082SJBW36005P00001 | M71: 308g*6c*6in | N71: 36 | O71: 5 | P71: 0.0075 | Q71: HC | R71: Salt | S71: Y3 | T71: 792 | V71: 792 | W71: =(V71+U71)-T71 -> 0 | X71: =IF(W71<0,((T71*N71)-((V71+U71)*N71)),0) -> 0 | AC71: =SUM(O71*P71*X71) -> 0 | AD71: =AC71/0.54 -> 0 | AE71: =MID(M71,1,3)/1000 -> 0.308 | AF71: =(X71*AE71)/1000 -> 0 | AG71: =T71*N71 -> 28512 | AK71: 12063755 | AL71: 12061353 | AM71: 12061354 | AN71: 12068566 | AP71: 12068565 | AQ71: 12062153= | AS71: 12068565
B72: 43964 | C72: 43980 | D72: Week20 | E72: 43953 | F72: DRY2000210 | G72: USA | H72: Bellisio Foods, Inc. | I72: C-Wonton ND | J72: Wonton ND+V | K72: Cooked Wonton ND No Egg with Pumpkin + Yu Choy Low sodium | L72: 082SJBW36005P00001 | M72: 308g*6c*6in | N72: 36 | O72: 5 | P72: 0.0075 | Q72: HC | R72: Salt | S72: Y3 | T72: =552+60 -> 612 | V72: 612 | W72: =(V72+U72)-T72 -> 0 | X72: =IF(W72<0,((T72*N72)-((V72+U72)*N72)),0) -> 0 | AC72: =SUM(O72*P72*X72) -> 0 | AD72: =AC72/0.54 -> 0 | AE72: =MID(M72,1,3)/1000 -> 0.308 | AF72: =(X72*AE72)/1000 -> 0 | AG72: =T72*N72 -> 22032 | AK72: 12063755 | AL72: 12061353 | AM72: 12061354 | AN72: 12068566 | AP72: 12068565 | AQ72: 12062153= | AS72: 12068565
A73: R | B73: 43964 | C73: 43971 | D73: Week20 | E73: 43953 | F73: KL2000009 | G73: China | H73: Charoen Pokphand Import&Export Trading (Shanghai) Co., Ltd | I73: R-Wonton | J73: R-Wonton no egg | K73: Raw Wonton 50 pcs | L73: 082I95J08050P03001 | M73: 630g.*8 packs | N73: 8 | O73: 50 | P73: 0.00681 | Q73: S | R73: STPP | S73: ซุปซอง 5g. | T73: 800 | V73: 800 | W73: =(V73+U73)-T73 -> 0 | X73: =IF(W73<0,((T73*N73)-((V73+U73)*N73)),0) -> 0 | Y73: =O73*X73 -> 0 | Z73: 6 | AA73: =X73*Z73 -> 0 | AC73: =SUM(O73*P73*X73) -> 0 | AD73: =AC73/0.54 -> 0 | AE73: =MID(M73,1,3)/1000 -> 0.63 | AF73: =(X73*AE73)/1000 -> 0 | AG73: =T73*N73 -> 6400 | AK73: 12004862 | AL73: 12055234 | AN73: 12056345=28/6 | AP73: 12056200 | AR73: 12036656(135)
A74: R | B74: 43964 | C74: 43971 | D74: Week20 | E74: 43953 | F74: KL2000009 | G74: China | H74: Charoen Pokphand Import&Export Trading (Shanghai) Co., Ltd | I74: R-Wonton | J74: R-Wonton no egg | K74: Raw Wonton 12 pcs | L74: 082I95J20012P04001 | M74: 154g*20inner | N74: 20 | O74: 12 | P74: 0.00681 | Q74: S | R74: STPP | S74: ซุปซอง 5g. | T74: 157 | V74: 157 | W74: =(V74+U74)-T74 -> 0 | X74: =IF(W74<0,((T74*N74)-((V74+U74)*N74)),0) -> 0 | Y74: =O74*X74 -> 0 | Z74: 2 | AA74: =X74*Z74 -> 0 | AC74: =SUM(O74*P74*X74) -> 0 | AD74: =AC74/0.54 -> 0 | AE74: =MID(M74,1,3)/1000 -> 0.154 | AF74: =(X74*AE74)/1000 -> 0 | AG74: =T74*N74 -> 3140 | AK74: 12033473 | AL74: 12019692= | AN74: 12026905=14/6 | AP74: 12027007 | AR74: 12045309(248)=
B75: 43965 | C75: 43980 | D75: Week20 | E75: 43953 | F75: DRY2000210 | G75: USA | H75: Bellisio Foods, Inc. | I75: C-Wonton ND | J75: Wonton ND+V | K75: Cooked Wonton ND No Egg with Pumpkin + Yu Choy Low sodium | L75: 082SJBW36005P00001 | M75: 308g*6c*6in | N75: 36 | O75: 5 | P75: 0.0075 | Q75: HC | R75: Salt | S75: Y3 | T75: =792-612 -> 180 | V75: =792-612 -> 180 | W75: =(V75+U75)-T75 -> 0 | X75: =IF(W75<0,((T75*N75)-((V75+U75)*N75)),0) -> 0 | AC75: =SUM(O75*P75*X75) -> 0 | AD75: =AC75/0.54 -> 0 | AE75: =MID(M75,1,3)/1000 -> 0.308 | AF75: =(X75*AE75)/1000 -> 0 | AG75: =T75*N75 -> 6480 | AK75: 12063755 | AL75: 12061353 | AM75: 12061354 | AN75: 12068566 | AP75: 12068565 | AQ75: 12062153= | AS75: 12068565
B76: 43965 | C76: 43986 | D76: Week20 | E76: 43953 | F76: DRY2000211 | G76: USA | H76: Bellisio Foods, Inc. | I76: C-Wonton ND | J76: Wonton ND+V | K76: Cooked Wonton ND No Egg with Pumpkin + Yu Choy Low sodium | L76: 082SJBW36005P00001 | M76: 308g*6c*6in | N76: 36 | O76: 5 | P76: 0.0075 | Q76: HC | R76: Salt | S76: Y3 | T76: 792 | V76: 792 | W76: =(V76+U76)-T76 -> 0 | X76: =IF(W76<0,((T76*N76)-((V76+U76)*N76)),0) -> 0 | AC76: =SUM(O76*P76*X76) -> 0 | AD76: =AC76/0.54 -> 0 | AE76: =MID(M76,1,3)/1000 -> 0.308 | AF76: =(X76*AE76)/1000 -> 0 | AG76: =T76*N76 -> 28512 | AK76: 12063755 | AL76: 12061353 | AM76: 12061354 | AN76: 12068566 | AP76: 12068565 | AQ76: 12062153= | AS76: 12068565
B77: 43965 | C77: 43986 | D77: Week20 | E77: 43953 | F77: DRY2000212 | G77: USA | H77: Bellisio Foods, Inc. | I77: C-Wonton ND | J77: Wonton ND+V | K77: Cooked Wonton ND No Egg with Pumpkin + Yu Choy Low sodium | L77: 082SJBW36005P00001 | M77: 308g*6c*6in | N77: 36 | O77: 5 | P77: 0.0075 | Q77: HC | R77: Salt | S77: Y3 | T77: 792 | V77: 792 | W77: =(V77+U77)-T77 -> 0 | X77: =IF(W77<0,((T77*N77)-((V77+U77)*N77)),0) -> 0 | AC77: =SUM(O77*P77*X77) -> 0 | AD77: =AC77/0.54 -> 0 | AE77: =MID(M77,1,3)/1000 -> 0.308 | AF77: =(X77*AE77)/1000 -> 0 | AG77: =T77*N77 -> 28512 | AK77: 12063755 | AL77: 12061353 | AM77: 12061354 | AN77: 12068566 | AP77: 12068565 | AQ77: 12062153= | AS77: 12068565
B78: 43965 | C78: 43986 | D78: Week20 | E78: 43953 | F78: DRY2000213 | G78: USA | H78: Bellisio Foods, Inc. | I78: C-Wonton ND | J78: Wonton ND+V | K78: Cooked Wonton ND No Egg with Pumpkin + Yu Choy Low sodium | L78: 082SJBW36005P00001 | M78: 308g*6c*6in | N78: 36 | O78: 5 | P78: 0.0075 | Q78: HC | R78: Salt | S78: Y3 | T78: 792 | V78: 792 | W78: =(V78+U78)-T78 -> 0 | X78: =IF(W78<0,((T78*N78)-((V78+U78)*N78)),0) -> 0 | AC78: =SUM(O78*P78*X78) -> 0 | AD78: =AC78/0.54 -> 0 | AE78: =MID(M78,1,3)/1000 -> 0.308 | AF78: =(X78*AE78)/1000 -> 0 | AG78: =T78*N78 -> 28512 | AK78: 12063755 | AL78: 12061353 | AM78: 12061354 | AN78: 12068566 | AP78: 12068565 | AQ78: 12062153= | AS78: 12068565
B79: 43965 | C79: 43986 | D79: Week20 | E79: 43953 | F79: DRY2000214 | G79: USA | H79: Bellisio Foods, Inc. | I79: C-Wonton ND | J79: Wonton ND+V | K79: Cooked Wonton ND No Egg with Pumpkin + Yu Choy Low sodium | L79: 082SJBW36005P00001 | M79: 308g*6c*6in | N79: 36 | O79: 5 | P79: 0.0075 | Q79: HC | R79: Salt | S79: Y3 | T79: 792 | V79: 792 | W79: =(V79+U79)-T79 -> 0 | X79: =IF(W79<0,((T79*N79)-((V79+U79)*N79)),0) -> 0 | AC79: =SUM(O79*P79*X79) -> 0 | AD79: =AC79/0.54 -> 0 | AE79: =MID(M79,1,3)/1000 -> 0.308 | AF79: =(X79*AE79)/1000 -> 0 | AG79: =T79*N79 -> 28512 | AK79: 12063755 | AL79: 12061353 | AM79: 12061354 | AN79: 12068566 | AP79: 12068565 | AQ79: 12062153= | AS79: 12068565
B80: 43965 | C80: 43987 | D80: Week20 | E80: 43953 | F80: DRY2000215 | G80: USA | H80: Bellisio Foods, Inc. | I80: C-Wonton ND | J80: Wonton ND+V | K80: Cooked Wonton ND No Egg with Pumpkin + Yu Choy Low sodium | L80: 082SJBW36005P00001 | M80: 308g*6c*6in | N80: 36 | O80: 5 | P80: 0.0075 | Q80: HC | R80: Salt | S80: Y3 | T80: 70 | V80: =3418-180-792-792-792-792 -> 70 | W80: =(V80+U80)-T80 -> 0 | X80: =IF(W80<0,((T80*N80)-((V80+U80)*N80)),0) -> 0 | AC80: =SUM(O80*P80*X80) -> 0 | AD80: =AC80/0.54 -> 0 | AE80: =MID(M80,1,3)/1000 -> 0.308 | AF80: =(X80*AE80)/1000 -> 0 | AG80: =T80*N80 -> 2520 | AK80: 12063755 | AL80: 12061353 | AM80: 12061354 | AN80: 12068566 | AP80: 12068565 | AQ80: 12062153= | AS80: 12068565
A81: R | B81: 43965 | C81: 43971 | D81: Week20 | E81: 43953 | F81: KL2000009 | G81: China | H81: Charoen Pokphand Import&Export Trading (Shanghai) Co., Ltd | I81: R-Wonton | J81: R-Wonton no egg | K81: Raw Wonton 12 pcs | L81: 082I95J20012P04001 | M81: 154g*20inner | N81: 20 | O81: 12 | P81: 0.00681 | Q81: S | R81: STPP | S81: ซุปซอง 5g. | T81: =1200-157 -> 1043 | V81: 1043 | W81: =(V81+U81)-T81 -> 0 | X81: =IF(W81<0,((T81*N81)-((V81+U81)*N81)),0) -> 0 | Y81: =O81*X81 -> 0 | Z81: 2 | AA81: =X81*Z81 -> 0 | AC81: =SUM(O81*P81*X81) -> 0 | AD81: =AC81/0.54 -> 0 | AE81: =MID(M81,1,3)/1000 -> 0.154 | AF81: =(X81*AE81)/1000 -> 0 | AG81: =T81*N81 -> 20860 | AK81: 12033473 | AL81: 12019692= | AN81: 12026905=14/6 | AP81: 12027007 | AR81: 12045309(248)=
A82: R | B82: 43965 | C82: 43976 | D82: Week20 | E82: 43953 | F82: DRY2000094 | G82: Korea | H82: Consumer Package Commerce | I82: R-Wonton | J82: R-Wonton egg past | K82: Raw Wonton 12 pcs | L82: 082I93U40012P01001 | M82: 154g*40inner | N82: 40 | O82: 12 | P82: 0.00681 | Q82: S | R82: STPP | S82: ซุปซอง 5g. | T82: 194 | V82: 194 | W82: =(V82+U82)-T82 -> 0 | X82: =IF(W82<0,((T82*N82)-((V82+U82)*N82)),0) -> 0 | Y82: =O82*X82 -> 0 | Z82: 2 | AA82: =X82*Z82 -> 0 | AC82: =SUM(O82*P82*X82) -> 0 | AD82: =AC82/0.54 -> 0 | AE82: =MID(M82,1,3)/1000 -> 0.154 | AF82: =(X82*AE82)/1000 -> 0 | AG82: =T82*N82 -> 7760 | AJ82: R-072/2019 | AK82: 12033473 | AL82: 12019692 | AN82: 12065371=20/6 | AP82: 12055895 | AQ82: 12034747 | AR82: 12045309 | AS82: ปลอกสวม 12040669
B83: 43966 | C83: 43987 | D83: Week20 | E83: 43953 | F83: DRY2000215 | G83: USA | H83: Bellisio Foods, Inc. | I83: C-Wonton ND | J83: Wonton ND+V | K83: Cooked Wonton ND No Egg with Pumpkin + Yu Choy Low sodium | L83: 082SJBW36005P00001 | M83: 308g*6c*6in | N83: 36 | O83: 5 | P83: 0.0075 | Q83: HC | R83: Salt | S83: Y3 | T83: =792-70 -> 722 | V83: =792-70 -> 722 | W83: =(V83+U83)-T83 -> 0 | X83: =IF(W83<0,((T83*N83)-((V83+U83)*N83)),0) -> 0 | AC83: =SUM(O83*P83*X83) -> 0 | AD83: =AC83/0.54 -> 0 | AE83: =MID(M83,1,3)/1000 -> 0.308 | AF83: =(X83*AE83)/1000 -> 0 | AG83: =T83*N83 -> 25992 | AK83: 12063755 | AL83: 12061353 | AM83: 12061354 | AN83: 12068566 | AP83: 12068565 | AQ83: 12062153= | AS83: 12068565
